id,year,idrep,spp,Code,Letter,Rep,lengthCM,genus,species,latbi,budburst,increasingLeafSize,leafout,flowers,openFlowers,pollenRelease,fruits,ripeFruits,recentFruitorSeedDrop,coloredLeaves,DBH,accessionDate,lat,long,pgs,fgs,budburstGDD,leafoutGDD,leafcolorGDD,pgsGDD,fgsGDD
ACRU_1196-84_A,2019,ACRU_1196-84_A_II,ACRU,1196-84,A,II,0.51816,Acer,rubrum,Acer rubrum,103,115,115,97,97,NA,115,144,144,269,27.3,10-15-1984,42.30388171,-71.12019927,154,166,56.800000000000054,112.26944444444455,1588.033333333334,1475.7638888888894,1531.233333333334
ACRU_1196-84_A,2020,ACRU_1196-84_A_II,ACRU,1196-84,A,II,0.1778,Acer,rubrum,Acer rubrum,119,124,124,75,75,92,120,148,148,220,27.3,10-15-1984,42.30388171,-71.12019927,96,101,79.6944444444445,102.0833333333334,1142.2777777777778,1040.1944444444443,1062.5833333333333
ACRU_1196-84_A,2021,ACRU_1196-84_A_II,ACRU,1196-84,A,II,0.3937,Acer,rubrum,Acer rubrum,101,114,114,86,86,NA,104,NA,NA,NA,27.3,10-15-1984,42.30388171,-71.12019927,NA,NA,79.1111111111111,110.8611111111111,NA,NA,NA
ACRU_1196-84_A,2022,ACRU_1196-84_A_II,ACRU,1196-84,A,II,0.18288,Acer,rubrum,Acer rubrum,105,125,125,77,84,NA,105,NA,NA,NA,27.3,10-15-1984,42.30388171,-71.12019927,NA,NA,93.41666666666667,137.22222222222223,NA,NA,NA
ACRU_1196-84_A,2024,ACRU_1196-84_A_II,ACRU,1196-84,A,II,0.31496,Acer,rubrum,Acer rubrum,107,121,121,NA,90,NA,117,NA,NA,NA,27.3,10-15-1984,42.30388171,-71.12019927,NA,NA,66.58333333333326,106.69444444444444,NA,NA,NA
ACRU_15350_A,2019,ACRU_15350_A_II,ACRU,15350,A,II,0.24130000000000001,Acer,rubrum,Acer rubrum,91,120,111,86,89,NA,NA,NA,NA,NA,77.5,04-16-1924,42.30387456,-71.12074952,NA,NA,33.01388888888896,101.87222222222229,NA,NA,NA
ACRU_15350_A,2020,ACRU_15350_A_II,ACRU,15350,A,II,0.13716,Acer,rubrum,Acer rubrum,105,120,120,71,72,75,NA,NA,NA,220,77.5,04-16-1924,42.30387456,-71.12074952,100,115,70.4444444444445,80.50000000000006,1142.2777777777778,1061.7777777777778,1071.8333333333333
ACRU_15350_A,2021,ACRU_15350_A_II,ACRU,15350,A,II,0.30988,Acer,rubrum,Acer rubrum,101,114,114,81,84,86,NA,NA,NA,236,77.5,04-16-1924,42.30387456,-71.12074952,122,135,79.1111111111111,110.8611111111111,1311.3333333333335,1200.4722222222224,1232.2222222222224
ACRU_15350_A,2022,ACRU_15350_A_II,ACRU,15350,A,II,0.15494,Acer,rubrum,Acer rubrum,103,113,113,65,77,90,NA,NA,NA,153,77.5,04-16-1924,42.30387456,-71.12074952,40,50,88.11111111111111,113.33333333333333,338.58333333333314,225.24999999999983,250.47222222222203
ACRU_15350_A,2023,ACRU_15350_A_II,ACRU,15350,A,II,0.26924,Acer,rubrum,Acer rubrum,102,104,104,NA,82,94,NA,NA,NA,231,77.5,04-16-1924,42.30387456,-71.12074952,127,129,70.80555555555554,91.6388888888889,1206.6666666666663,1115.0277777777774,1135.8611111111109
ACRU_15350_A,2024,ACRU_15350_A_II,ACRU,15350,A,II,0.14986,Acer,rubrum,Acer rubrum,104,111,111,NA,76,NA,NA,NA,NA,227,77.5,04-16-1924,42.30387456,-71.12074952,116,123,52.08333333333325,73.72222222222217,1263.9444444444441,1190.222222222222,1211.8611111111109
ACRU_524-2009_A,2019,ACRU_524-2009_A_I,ACRU,524-2009,A,I,0.16764,Acer,rubrum,Acer rubrum,106,120,115,92,96,NA,117,NA,NA,269,64.2,09-09-2009,42.30316247,-71.12125376,154,163,70.20000000000006,112.26944444444455,1588.033333333334,1475.7638888888894,1517.833333333334
ACRU_524-2009_A,2019,ACRU_524-2009_A_II,ACRU,524-2009,A,II,0.32258000000000003,Acer,rubrum,Acer rubrum,106,120,115,92,96,NA,117,NA,NA,269,64.2,09-09-2009,42.30316247,-71.12125376,154,163,70.20000000000006,112.26944444444455,1588.033333333334,1475.7638888888894,1517.833333333334
ACRU_524-2009_A,2020,ACRU_524-2009_A_I,ACRU,524-2009,A,I,0.18542,Acer,rubrum,Acer rubrum,120,126,120,NA,75,NA,124,NA,NA,258,64.2,09-09-2009,42.30316247,-71.12125376,138,138,80.50000000000006,80.50000000000006,1602.2499999999995,1521.7499999999995,1521.7499999999995
ACRU_524-2009_A,2020,ACRU_524-2009_A_II,ACRU,524-2009,A,II,0.28448,Acer,rubrum,Acer rubrum,120,126,120,NA,75,NA,124,NA,NA,258,64.2,09-09-2009,42.30316247,-71.12125376,138,138,80.50000000000006,80.50000000000006,1602.2499999999995,1521.7499999999995,1521.7499999999995
ACRU_525-2009_A,2019,ACRU_525-2009_A_II,ACRU,525-2009,A,II,0.10414000000000001,Acer,rubrum,Acer rubrum,107,111,111,92,92,NA,NA,NA,NA,286,55.7,09-09-2009,42.30320004,-71.12119722,175,179,73.81111111111116,101.87222222222229,1671.6166666666672,1569.744444444445,1597.805555555556
ACRU_525-2009_A,2019,ACRU_525-2009_A_I,ACRU,525-2009,A,I,0.14732,Acer,rubrum,Acer rubrum,107,111,111,92,92,NA,NA,NA,NA,286,55.7,09-09-2009,42.30320004,-71.12119722,175,179,73.81111111111116,101.87222222222229,1671.6166666666672,1569.744444444445,1597.805555555556
ACRU_525-2009_A,2020,ACRU_525-2009_A_I,ACRU,525-2009,A,I,0.0889,Acer,rubrum,Acer rubrum,120,126,120,NA,75,NA,NA,NA,NA,258,55.7,09-09-2009,42.30320004,-71.12119722,138,138,80.50000000000006,80.50000000000006,1602.2499999999995,1521.7499999999995,1521.7499999999995
ACRU_525-2009_A,2020,ACRU_525-2009_A_II,ACRU,525-2009,A,II,0.09398,Acer,rubrum,Acer rubrum,120,126,120,NA,75,NA,NA,NA,NA,258,55.7,09-09-2009,42.30320004,-71.12119722,138,138,80.50000000000006,80.50000000000006,1602.2499999999995,1521.7499999999995,1521.7499999999995
ACSA_12565_C,2016,ACSA_12565_C_I,ACSA,12565,C,I,0.24384,Acer,saccharum,Acer saccharum,121,130,130,118,NA,NA,NA,NA,NA,286,97.6,10-15-1883,42.30346585,-71.12008242,156,165,143.71388888888893,154.25833333333338,1820.7611111111119,1666.5027777777784,1677.047222222223
ACSA_12565_C,2017,ACSA_12565_C_I,ACSA,12565,C,I,0.1524,Acer,saccharum,Acer saccharum,101,113,113,108,NA,NA,127,202,259,288,97.6,10-15-1883,42.30346585,-71.12008242,175,187,75.26388888888886,116.20277777777787,1728.7722222222228,1612.569444444445,1653.508333333334
ACSA_12565_C,2019,ACSA_12565_C_I,ACSA,12565,C,I,0.04318,Acer,saccharum,Acer saccharum,109,120,120,NA,NA,NA,NA,NA,NA,276,97.6,10-15-1883,42.30346585,-71.12008242,156,167,86.3694444444445,118.0555555555557,1632.5805555555562,1514.5250000000005,1546.2111111111117
ACSA_12565_C,2020,ACSA_12565_C_I,ACSA,12565,C,I,0.11176,Acer,saccharum,Acer saccharum,121,126,124,NA,NA,NA,NA,NA,NA,278,97.6,10-15-1883,42.30346585,-71.12008242,154,157,81.75000000000006,102.0833333333334,1744.4722222222215,1642.388888888888,1662.7222222222215
ACSA_187-2006_B,2016,ACSA_187-2006_B_I,ACSA,187-2006,B,I,1.0541,Acer,saccharum,Acer saccharum,130,133,133,NA,NA,NA,NA,NA,NA,288,21.9,04-26-2006,42.30431226,-71.12006593,155,158,154.25833333333338,174.77500000000003,1829.4138888888897,1654.6388888888896,1675.1555555555562
ACSA_187-2006_B,2016,ACSA_187-2006_B_II,ACSA,187-2006,B,II,0.79248,Acer,saccharum,Acer saccharum,130,133,133,NA,NA,NA,NA,NA,NA,288,21.9,04-26-2006,42.30431226,-71.12006593,155,158,154.25833333333338,174.77500000000003,1829.4138888888897,1654.6388888888896,1675.1555555555562
ACSA_187-2006_B,2017,ACSA_187-2006_B_I,ACSA,187-2006,B,I,1.23698,Acer,saccharum,Acer saccharum,127,131,131,NA,NA,NA,NA,NA,NA,294,21.9,04-26-2006,42.30431226,-71.12006593,163,167,178.43055555555557,184.3388888888889,1762.7361111111115,1578.3972222222226,1584.3055555555559
ACSA_187-2006_B,2017,ACSA_187-2006_B_II,ACSA,187-2006,B,II,0.91948,Acer,saccharum,Acer saccharum,127,131,131,NA,NA,NA,NA,NA,NA,294,21.9,04-26-2006,42.30431226,-71.12006593,163,167,178.43055555555557,184.3388888888889,1762.7361111111115,1578.3972222222226,1584.3055555555559
ACSA_187-2006_B,2018,ACSA_187-2006_B_II,ACSA,187-2006,B,II,1.03886,Acer,saccharum,Acer saccharum,125,130,127,NA,NA,NA,NA,NA,NA,285,21.9,04-26-2006,42.30431226,-71.12006593,158,160,152.58055555555558,160.83611111111114,1820.4472222222228,1659.6111111111115,1667.8666666666672
ACSA_187-2006_B,2018,ACSA_187-2006_B_I,ACSA,187-2006,B,I,1.18872,Acer,saccharum,Acer saccharum,125,130,127,NA,NA,NA,NA,NA,NA,285,21.9,04-26-2006,42.30431226,-71.12006593,158,160,152.58055555555558,160.83611111111114,1820.4472222222228,1659.6111111111115,1667.8666666666672
ACSA_187-2006_B,2019,ACSA_187-2006_B_II,ACSA,187-2006,B,II,0.59436,Acer,saccharum,Acer saccharum,120,126,126,NA,NA,NA,NA,NA,NA,260,21.9,04-26-2006,42.30431226,-71.12006593,134,140,118.0555555555557,126.25277777777792,1506.0888888888899,1379.836111111112,1388.0333333333342
ACSA_187-2006_B,2019,ACSA_187-2006_B_I,ACSA,187-2006,B,I,0.5334,Acer,saccharum,Acer saccharum,120,126,126,NA,NA,NA,NA,NA,NA,260,21.9,04-26-2006,42.30431226,-71.12006593,134,140,118.0555555555557,126.25277777777792,1506.0888888888899,1379.836111111112,1388.0333333333342
ACSA_187-2006_B,2020,ACSA_187-2006_B_II,ACSA,187-2006,B,II,1.13538,Acer,saccharum,Acer saccharum,126,133,133,NA,NA,NA,NA,NA,NA,253,21.9,04-26-2006,42.30431226,-71.12006593,120,127,109.8055555555556,125.19444444444446,1560.7499999999998,1435.5555555555552,1450.9444444444441
ACSA_187-2006_B,2020,ACSA_187-2006_B_I,ACSA,187-2006,B,I,1.03378,Acer,saccharum,Acer saccharum,126,133,133,NA,NA,NA,NA,NA,NA,253,21.9,04-26-2006,42.30431226,-71.12006593,120,127,109.8055555555556,125.19444444444446,1560.7499999999998,1435.5555555555552,1450.9444444444441
ACSA_187-2006_B,2021,ACSA_187-2006_B_II,ACSA,187-2006,B,II,0.45466,Acer,saccharum,Acer saccharum,109,126,126,121,121,NA,134,270,283,276,21.9,04-26-2006,42.30431226,-71.12006593,150,167,90.5833333333333,144.83333333333326,1690.3333333333328,1545.4999999999995,1599.7499999999995
ACSA_187-2006_B,2021,ACSA_187-2006_B_I,ACSA,187-2006,B,I,0.40132,Acer,saccharum,Acer saccharum,109,126,126,121,121,NA,134,270,283,276,21.9,04-26-2006,42.30431226,-71.12006593,150,167,90.5833333333333,144.83333333333326,1690.3333333333328,1545.4999999999995,1599.7499999999995
ACSA_187-2006_B,2022,ACSA_187-2006_B_I,ACSA,187-2006,B,I,0.98806,Acer,saccharum,Acer saccharum,125,133,133,NA,NA,NA,NA,NA,NA,266,21.9,04-26-2006,42.30431226,-71.12006593,133,141,137.22222222222223,164.5555555555556,1695.9722222222215,1531.4166666666658,1558.7499999999993
ACSA_187-2006_B,2022,ACSA_187-2006_B_II,ACSA,187-2006,B,II,0.9144,Acer,saccharum,Acer saccharum,125,133,133,NA,NA,NA,NA,NA,NA,266,21.9,04-26-2006,42.30431226,-71.12006593,133,141,137.22222222222223,164.5555555555556,1695.9722222222215,1531.4166666666658,1558.7499999999993
ACSA_187-2006_B,2023,ACSA_187-2006_B_I,ACSA,187-2006,B,I,0.7061200000000001,Acer,saccharum,Acer saccharum,118,118,118,108,117,121,121,279,279,274,21.9,04-26-2006,42.30431226,-71.12006593,156,156,115.58333333333329,115.58333333333329,1617.3888888888882,1501.805555555555,1501.805555555555
ACSA_187-2006_B,2023,ACSA_187-2006_B_II,ACSA,187-2006,B,II,0.5206999999999999,Acer,saccharum,Acer saccharum,118,118,118,108,117,121,121,279,279,274,21.9,04-26-2006,42.30431226,-71.12006593,156,156,115.58333333333329,115.58333333333329,1617.3888888888882,1501.805555555555,1501.805555555555
ACSA_187-2006_B,2024,ACSA_187-2006_B_I,ACSA,187-2006,B,I,0.08382,Acer,saccharum,Acer saccharum,124,128,128,NA,NA,NA,NA,NA,NA,NA,21.9,04-26-2006,42.30431226,-71.12006593,NA,NA,116.2777777777778,133.83333333333334,NA,NA,NA
ACSA_187-2006_B,2024,ACSA_187-2006_B_II,ACSA,187-2006,B,II,0.05588,Acer,saccharum,Acer saccharum,124,128,128,NA,NA,NA,NA,NA,NA,NA,21.9,04-26-2006,42.30431226,-71.12006593,NA,NA,116.2777777777778,133.83333333333334,NA,NA,NA
ACSA_20645_A,2016,ACSA_20645_A_I,ACSA,20645,A,I,0.09144,Acer,saccharum,Acer saccharum,115,118,117,111,111,NA,144,262,NA,293,85.7,11-09-1928,42.30370116,-71.12007443,176,178,129.51111111111115,134.13611111111115,1863.711111111112,1729.5750000000007,1734.2000000000007
ACSA_20645_A,2017,ACSA_20645_A_I,ACSA,20645,A,I,0.10414000000000001,Acer,saccharum,Acer saccharum,107,113,113,105,113,NA,139,253,172,252,85.7,11-09-1928,42.30370116,-71.12007443,139,145,108.53055555555557,116.20277777777787,1405.6166666666675,1289.4138888888897,1297.086111111112
ACSA_20645_A,2019,ACSA_20645_A_I,ACSA,20645,A,I,0.07112,Acer,saccharum,Acer saccharum,109,115,111,NA,NA,NA,NA,263,263,263,85.7,11-09-1928,42.30370116,-71.12007443,152,154,86.3694444444445,101.87222222222229,1522.433333333334,1420.5611111111118,1436.0638888888896
ACSA_20645_A,2020,ACSA_20645_A_I,ACSA,20645,A,I,0.09398,Acer,saccharum,Acer saccharum,121,126,124,NA,NA,NA,NA,NA,NA,290,85.7,11-09-1928,42.30370116,-71.12007443,166,169,81.75000000000006,102.0833333333334,1801.7222222222217,1699.6388888888882,1719.9722222222217
ACSA_22834_B,2016,ACSA_22834_B_I,ACSA,22834,B,I,0.24384,Acer,saccharum,Acer saccharum,109,118,112,108,110,112,125,262,182,293,81.9,02-02-1950,42.3040241,-71.12065871,181,184,102.40000000000002,113.06666666666666,1863.711111111112,1750.6444444444453,1761.3111111111118
ACSA_22834_B,2016,ACSA_22834_B_II,ACSA,22834,B,II,0.2921,Acer,saccharum,Acer saccharum,109,118,112,108,110,112,125,262,182,293,81.9,02-02-1950,42.3040241,-71.12065871,181,184,102.40000000000002,113.06666666666666,1863.711111111112,1750.6444444444453,1761.3111111111118
ACSA_22834_B,2017,ACSA_22834_B_I,ACSA,22834,B,I,0.18796,Acer,saccharum,Acer saccharum,101,110,108,105,108,113,127,253,260,271,81.9,02-02-1950,42.3040241,-71.12065871,163,170,75.26388888888886,108.71388888888892,1609.6222222222227,1500.9083333333338,1534.3583333333338
ACSA_22834_B,2017,ACSA_22834_B_II,ACSA,22834,B,II,0.36829999999999996,Acer,saccharum,Acer saccharum,101,110,108,105,108,113,127,253,260,271,81.9,02-02-1950,42.3040241,-71.12065871,163,170,75.26388888888886,108.71388888888892,1609.6222222222227,1500.9083333333338,1534.3583333333338
ACSA_22834_B,2019,ACSA_22834_B_II,ACSA,22834,B,II,0.46227999999999997,Acer,saccharum,Acer saccharum,106,111,111,107,111,114,126,255,262,279,81.9,02-02-1950,42.3040241,-71.12065871,168,173,70.20000000000006,101.87222222222229,1642.9861111111118,1541.1138888888895,1572.7861111111117
ACSA_22834_B,2019,ACSA_22834_B_I,ACSA,22834,B,I,0.24384,Acer,saccharum,Acer saccharum,106,111,111,107,111,114,126,255,262,279,81.9,02-02-1950,42.3040241,-71.12065871,168,173,70.20000000000006,101.87222222222229,1642.9861111111118,1541.1138888888895,1572.7861111111117
ACSA_22834_B,2020,ACSA_22834_B_II,ACSA,22834,B,II,0.35306000000000004,Acer,saccharum,Acer saccharum,122,126,121,108,NA,NA,162,NA,NA,291,81.9,02-02-1950,42.3040241,-71.12065871,170,169,86.5833333333334,81.75000000000006,1803.8611111111106,1722.1111111111106,1717.2777777777771
ACSA_22834_B,2020,ACSA_22834_B_I,ACSA,22834,B,I,0.23113999999999998,Acer,saccharum,Acer saccharum,122,126,121,108,NA,NA,162,NA,NA,291,81.9,02-02-1950,42.3040241,-71.12065871,170,169,86.5833333333334,81.75000000000006,1803.8611111111106,1722.1111111111106,1717.2777777777771
ACSA_22834_B,2021,ACSA_22834_B_I,ACSA,22834,B,I,0.27686,Acer,saccharum,Acer saccharum,101,104,103,91,101,109,121,268,268,276,81.9,02-02-1950,42.3040241,-71.12065871,173,175,79.1111111111111,81.1111111111111,1690.3333333333328,1609.2222222222217,1611.2222222222217
ACSA_22834_B,2021,ACSA_22834_B_II,ACSA,22834,B,II,0.65532,Acer,saccharum,Acer saccharum,101,104,103,91,101,109,121,268,268,276,81.9,02-02-1950,42.3040241,-71.12065871,173,175,79.1111111111111,81.1111111111111,1690.3333333333328,1609.2222222222217,1611.2222222222217
ACSA_22834_B,2022,ACSA_22834_B_II,ACSA,22834,B,II,0.3556,Acer,saccharum,Acer saccharum,125,125,125,NA,NA,NA,NA,NA,NA,153,81.9,02-02-1950,42.3040241,-71.12065871,28,28,137.22222222222223,137.22222222222223,338.58333333333314,201.36111111111092,201.36111111111092
ACSA_22834_B,2022,ACSA_22834_B_I,ACSA,22834,B,I,0.22352,Acer,saccharum,Acer saccharum,125,125,125,NA,NA,NA,NA,NA,NA,153,81.9,02-02-1950,42.3040241,-71.12065871,28,28,137.22222222222223,137.22222222222223,338.58333333333314,201.36111111111092,201.36111111111092
ACSA_22834_B,2023,ACSA_22834_B_II,ACSA,22834,B,II,0.37845999999999996,Acer,saccharum,Acer saccharum,102,104,104,88,102,112,121,263,263,274,81.9,02-02-1950,42.3040241,-71.12065871,170,172,70.80555555555554,91.6388888888889,1617.3888888888882,1525.7499999999993,1546.5833333333326
ACSA_22834_B,2023,ACSA_22834_B_I,ACSA,22834,B,I,0.24130000000000001,Acer,saccharum,Acer saccharum,102,104,104,88,102,112,121,263,263,274,81.9,02-02-1950,42.3040241,-71.12065871,170,172,70.80555555555554,91.6388888888889,1617.3888888888882,1525.7499999999993,1546.5833333333326
ACSA_22834_B,2024,ACSA_22834_B_II,ACSA,22834,B,II,0.18796,Acer,saccharum,Acer saccharum,121,121,121,NA,NA,NA,NA,NA,NA,276,81.9,02-02-1950,42.3040241,-71.12065871,155,155,106.69444444444444,106.69444444444444,1687.5555555555554,1580.861111111111,1580.861111111111
ACSA_22834_B,2024,ACSA_22834_B_I,ACSA,22834,B,I,0.22352,Acer,saccharum,Acer saccharum,121,121,121,NA,NA,NA,NA,NA,NA,276,81.9,02-02-1950,42.3040241,-71.12065871,155,155,106.69444444444444,106.69444444444444,1687.5555555555554,1580.861111111111,1580.861111111111
ACSA_689-2010_A,2016,ACSA_689-2010_A_I,ACSA,689-2010,A,I,0.19558,Acer,saccharum,Acer saccharum,116,124,130,110,NA,NA,NA,NA,NA,249,78,11-18-2010,42.2917509,-71.1278148,119,133,133.13611111111115,154.25833333333338,1529.113888888889,1374.8555555555556,1395.9777777777779
ACSA_689-2010_A,2016,ACSA_689-2010_A_II,ACSA,689-2010,A,II,0.1143,Acer,saccharum,Acer saccharum,116,124,130,110,NA,NA,NA,NA,NA,249,78,11-18-2010,42.2917509,-71.1278148,119,133,133.13611111111115,154.25833333333338,1529.113888888889,1374.8555555555556,1395.9777777777779
ACSA_689-2010_A,2017,ACSA_689-2010_A_I,ACSA,689-2010,A,I,0.21082,Acer,saccharum,Acer saccharum,102,114,108,109,NA,NA,125,200,224,254,78,11-18-2010,42.2917509,-71.1278148,146,152,78.88333333333331,108.71388888888892,1420.6277777777786,1311.9138888888897,1341.7444444444454
ACSA_689-2010_A,2017,ACSA_689-2010_A_II,ACSA,689-2010,A,II,0.09144,Acer,saccharum,Acer saccharum,102,114,108,109,NA,NA,125,200,224,254,78,11-18-2010,42.2917509,-71.1278148,146,152,78.88333333333331,108.71388888888892,1420.6277777777786,1311.9138888888897,1341.7444444444454
ACSA_689-2010_A,2020,ACSA_689-2010_A_I,ACSA,689-2010,A,I,0.3556,Acer,saccharum,Acer saccharum,112,123,123,112,NA,NA,NA,NA,NA,260,78,11-18-2010,42.2917509,-71.1278148,137,148,75.8055555555556,92.13888888888894,1613.6111111111106,1521.4722222222217,1537.805555555555
ACSA_689-2010_A,2020,ACSA_689-2010_A_II,ACSA,689-2010,A,II,0.34798,Acer,saccharum,Acer saccharum,112,123,123,112,NA,NA,NA,NA,NA,260,78,11-18-2010,42.2917509,-71.1278148,137,148,75.8055555555556,92.13888888888894,1613.6111111111106,1521.4722222222217,1537.805555555555
ACSA_689-2010_A,2021,ACSA_689-2010_A_I,ACSA,689-2010,A,I,0.44704,Acer,saccharum,Acer saccharum,99,110,110,96,99,NA,118,187,187,289,78,11-18-2010,42.2917509,-71.1278148,179,190,70.16666666666664,97.3333333333333,1776.3333333333326,1678.9999999999993,1706.1666666666658
ACSA_689-2010_A,2021,ACSA_689-2010_A_II,ACSA,689-2010,A,II,0.23113999999999998,Acer,saccharum,Acer saccharum,99,110,110,96,99,NA,118,187,187,289,78,11-18-2010,42.2917509,-71.1278148,179,190,70.16666666666664,97.3333333333333,1776.3333333333326,1678.9999999999993,1706.1666666666658
ACSA_689-2010_A,2022,ACSA_689-2010_A_I,ACSA,689-2010,A,I,0.26924,Acer,saccharum,Acer saccharum,106,120,117,NA,NA,NA,NA,NA,NA,281,78,11-18-2010,42.2917509,-71.1278148,164,175,99.02777777777777,117.58333333333333,1764.0833333333326,1646.4999999999993,1665.0555555555547
ACSA_689-2010_A,2022,ACSA_689-2010_A_II,ACSA,689-2010,A,II,0.2159,Acer,saccharum,Acer saccharum,106,120,117,NA,NA,NA,NA,NA,NA,281,78,11-18-2010,42.2917509,-71.1278148,164,175,99.02777777777777,117.58333333333333,1764.0833333333326,1646.4999999999993,1665.0555555555547
BEAL_12843_A,2016,BEAL_12843_A_II,BEAL,12843,A,II,0.053340000000000005,Betula,alleghaniensis,Betula alleghaniensis,109,121,114,104,114,114,207,229,234,278,73.8,10-15-1900,42.3020682,-71.12386246,164,169,102.40000000000002,126.93611111111116,1783.3194444444453,1656.3833333333341,1680.9194444444452
BEAL_12843_A,2016,BEAL_12843_A_I,BEAL,12843,A,I,0.05588,Betula,alleghaniensis,Betula alleghaniensis,109,121,114,104,114,114,207,229,234,278,73.8,10-15-1900,42.3020682,-71.12386246,164,169,102.40000000000002,126.93611111111116,1783.3194444444453,1656.3833333333341,1680.9194444444452
BEAL_12843_A,2017,BEAL_12843_A_I,BEAL,12843,A,I,0.13462,Betula,alleghaniensis,Betula alleghaniensis,102,117,117,118,118,NA,156,259,NA,242,73.8,10-15-1900,42.3020682,-71.12386246,125,140,78.88333333333331,129.74722222222232,1322.600000000001,1192.8527777777788,1243.7166666666678
BEAL_12843_A,2017,BEAL_12843_A_II,BEAL,12843,A,II,0.14986,Betula,alleghaniensis,Betula alleghaniensis,102,117,117,118,118,NA,156,259,NA,242,73.8,10-15-1900,42.3020682,-71.12386246,125,140,78.88333333333331,129.74722222222232,1322.600000000001,1192.8527777777788,1243.7166666666678
BEAL_12843_A,2018,BEAL_12843_A_II,BEAL,12843,A,II,0.1143,Betula,alleghaniensis,Betula alleghaniensis,118,124,122,118,124,NA,151,236,278,256,73.8,10-15-1900,42.3020682,-71.12386246,134,138,93.47499999999997,114.16944444444447,1611.4611111111112,1497.2916666666667,1517.9861111111113
BEAL_12843_A,2018,BEAL_12843_A_I,BEAL,12843,A,I,0.09906,Betula,alleghaniensis,Betula alleghaniensis,118,124,122,118,124,NA,151,236,278,256,73.8,10-15-1900,42.3020682,-71.12386246,134,138,93.47499999999997,114.16944444444447,1611.4611111111112,1497.2916666666667,1517.9861111111113
BEAL_12843_A,2019,BEAL_12843_A_II,BEAL,12843,A,II,0.19812,Betula,alleghaniensis,Betula alleghaniensis,107,114,114,109,124,NA,142,237,265,249,73.8,10-15-1900,42.3020682,-71.12386246,135,142,73.81111111111116,110.17222222222235,1422.6194444444454,1312.447222222223,1348.8083333333343
BEAL_12843_A,2019,BEAL_12843_A_I,BEAL,12843,A,I,0.20828000000000002,Betula,alleghaniensis,Betula alleghaniensis,107,114,114,109,124,NA,142,237,265,249,73.8,10-15-1900,42.3020682,-71.12386246,135,142,73.81111111111116,110.17222222222235,1422.6194444444454,1312.447222222223,1348.8083333333343
BEAL_12843_A,2020,BEAL_12843_A_I,BEAL,12843,A,I,0.12192,Betula,alleghaniensis,Betula alleghaniensis,110,126,126,119,126,NA,160,236,257,257,73.8,10-15-1900,42.3020682,-71.12386246,131,147,75.00000000000006,109.8055555555556,1594.6111111111106,1484.805555555555,1519.6111111111106
BEAL_12843_A,2020,BEAL_12843_A_II,BEAL,12843,A,II,0.09652,Betula,alleghaniensis,Betula alleghaniensis,110,126,126,119,126,NA,160,236,257,257,73.8,10-15-1900,42.3020682,-71.12386246,131,147,75.00000000000006,109.8055555555556,1594.6111111111106,1484.805555555555,1519.6111111111106
BEAL_12843_A,2021,BEAL_12843_A_II,BEAL,12843,A,II,0.17272,Betula,alleghaniensis,Betula alleghaniensis,108,114,114,100,109,NA,152,211,211,261,73.8,10-15-1900,42.3020682,-71.12386246,147,153,85.4722222222222,110.8611111111111,1581.6388888888887,1470.7777777777776,1496.1666666666665
BEAL_12843_A,2021,BEAL_12843_A_I,BEAL,12843,A,I,0.19812,Betula,alleghaniensis,Betula alleghaniensis,108,114,114,100,109,NA,152,211,211,261,73.8,10-15-1900,42.3020682,-71.12386246,147,153,85.4722222222222,110.8611111111111,1581.6388888888887,1470.7777777777776,1496.1666666666665
BEAL_12843_A,2022,BEAL_12843_A_II,BEAL,12843,A,II,0.19304,Betula,alleghaniensis,Betula alleghaniensis,105,125,125,126,NA,NA,147,230,230,250,73.8,10-15-1900,42.3020682,-71.12386246,125,145,93.41666666666667,137.22222222222223,1565.8888888888887,1428.6666666666665,1472.472222222222
BEAL_12843_A,2022,BEAL_12843_A_I,BEAL,12843,A,I,0.18796,Betula,alleghaniensis,Betula alleghaniensis,105,125,125,126,NA,NA,147,230,230,250,73.8,10-15-1900,42.3020682,-71.12386246,125,145,93.41666666666667,137.22222222222223,1565.8888888888887,1428.6666666666665,1472.472222222222
BEAL_12843_A,2023,BEAL_12843_A_II,BEAL,12843,A,II,0.16002,Betula,alleghaniensis,Betula alleghaniensis,104,104,104,77,104,104,139,228,228,256,73.8,10-15-1900,42.3020682,-71.12386246,152,152,91.6388888888889,91.6388888888889,1509.138888888888,1417.499999999999,1417.499999999999
BEAL_12843_A,2023,BEAL_12843_A_I,BEAL,12843,A,I,0.23368,Betula,alleghaniensis,Betula alleghaniensis,104,104,104,77,104,104,139,228,228,256,73.8,10-15-1900,42.3020682,-71.12386246,152,152,91.6388888888889,91.6388888888889,1509.138888888888,1417.499999999999,1417.499999999999
BEAL_12843_D,2016,BEAL_12843_D_II,BEAL,12843,D,II,0.09144,Betula,alleghaniensis,Betula alleghaniensis,112,119,119,101,114,124,207,229,NA,271,70.9,10-15-1900,42.302041,-71.12388059,152,159,113.06666666666666,140.34722222222223,1754.7388888888895,1614.3916666666673,1641.672222222223
BEAL_12843_D,2016,BEAL_12843_D_I,BEAL,12843,D,I,0.04826,Betula,alleghaniensis,Betula alleghaniensis,112,119,119,101,114,124,207,229,NA,271,70.9,10-15-1900,42.302041,-71.12388059,152,159,113.06666666666666,140.34722222222223,1754.7388888888895,1614.3916666666673,1641.672222222223
BEAL_12843_D,2017,BEAL_12843_D_I,BEAL,12843,D,I,0.09398,Betula,alleghaniensis,Betula alleghaniensis,102,119,118,118,118,NA,149,NA,NA,242,70.9,10-15-1900,42.302041,-71.12388059,124,140,78.88333333333331,140.88055555555562,1322.600000000001,1181.7194444444453,1243.7166666666678
BEAL_12843_D,2017,BEAL_12843_D_II,BEAL,12843,D,II,0.14732,Betula,alleghaniensis,Betula alleghaniensis,102,119,118,118,118,NA,149,NA,NA,242,70.9,10-15-1900,42.302041,-71.12388059,124,140,78.88333333333331,140.88055555555562,1322.600000000001,1181.7194444444453,1243.7166666666678
BEAL_12843_D,2018,BEAL_12843_D_II,BEAL,12843,D,II,0.0889,Betula,alleghaniensis,Betula alleghaniensis,114,123,123,122,123,NA,140,251,294,266,70.9,10-15-1900,42.302041,-71.12388059,143,152,75.19999999999996,129.41944444444448,1700.1555555555558,1570.7361111111113,1624.9555555555557
BEAL_12843_D,2018,BEAL_12843_D_I,BEAL,12843,D,I,0.06096,Betula,alleghaniensis,Betula alleghaniensis,114,123,123,122,123,NA,140,251,294,266,70.9,10-15-1900,42.302041,-71.12388059,143,152,75.19999999999996,129.41944444444448,1700.1555555555558,1570.7361111111113,1624.9555555555557
BEAL_12843_D,2019,BEAL_12843_D_II,BEAL,12843,D,II,0.18542,Betula,alleghaniensis,Betula alleghaniensis,107,122,122,110,115,125,157,212,265,260,70.9,10-15-1900,42.302041,-71.12388059,138,153,73.81111111111116,120.3666666666668,1506.0888888888899,1385.722222222223,1432.2777777777787
BEAL_12843_D,2019,BEAL_12843_D_I,BEAL,12843,D,I,0.08636,Betula,alleghaniensis,Betula alleghaniensis,107,122,122,110,115,125,157,212,265,260,70.9,10-15-1900,42.302041,-71.12388059,138,153,73.81111111111116,120.3666666666668,1506.0888888888899,1385.722222222223,1432.2777777777787
BEAL_12843_D,2020,BEAL_12843_D_I,BEAL,12843,D,I,0.08382,Betula,alleghaniensis,Betula alleghaniensis,112,126,126,85,NA,NA,184,243,NA,258,70.9,10-15-1900,42.302041,-71.12388059,132,146,75.8055555555556,109.8055555555556,1602.2499999999995,1492.444444444444,1526.444444444444
BEAL_12843_D,2020,BEAL_12843_D_II,BEAL,12843,D,II,0.09398,Betula,alleghaniensis,Betula alleghaniensis,112,126,126,85,NA,NA,184,243,NA,258,70.9,10-15-1900,42.302041,-71.12388059,132,146,75.8055555555556,109.8055555555556,1602.2499999999995,1492.444444444444,1526.444444444444
BEAL_12843_E,2016,BEAL_12843_E_II,BEAL,12843,E,II,0.08128,Betula,alleghaniensis,Betula alleghaniensis,102,121,114,111,111,114,182,229,NA,260,56.2,10-15-1900,42.30194577,-71.12374252,146,158,89.84166666666667,126.93611111111116,1652.6916666666668,1525.7555555555557,1562.8500000000001
BEAL_12843_E,2016,BEAL_12843_E_I,BEAL,12843,E,I,0.050800000000000005,Betula,alleghaniensis,Betula alleghaniensis,102,121,114,111,111,114,182,229,NA,260,56.2,10-15-1900,42.30194577,-71.12374252,146,158,89.84166666666667,126.93611111111116,1652.6916666666668,1525.7555555555557,1562.8500000000001
BEAL_12843_E,2017,BEAL_12843_E_II,BEAL,12843,E,II,0.15748,Betula,alleghaniensis,Betula alleghaniensis,102,117,117,118,118,NA,156,251,NA,242,56.2,10-15-1900,42.30194577,-71.12374252,125,140,78.88333333333331,129.74722222222232,1322.600000000001,1192.8527777777788,1243.7166666666678
BEAL_12843_E,2017,BEAL_12843_E_I,BEAL,12843,E,I,0.09398,Betula,alleghaniensis,Betula alleghaniensis,102,117,117,118,118,NA,156,251,NA,242,56.2,10-15-1900,42.30194577,-71.12374252,125,140,78.88333333333331,129.74722222222232,1322.600000000001,1192.8527777777788,1243.7166666666678
BEAL_12843_E,2018,BEAL_12843_E_I,BEAL,12843,E,I,0.08128,Betula,alleghaniensis,Betula alleghaniensis,114,123,122,118,122,125,144,259,278,272,56.2,10-15-1900,42.30194577,-71.12374252,150,158,75.19999999999996,114.16944444444447,1739.3472222222224,1625.177777777778,1664.1472222222224
BEAL_12843_E,2018,BEAL_12843_E_II,BEAL,12843,E,II,0.09398,Betula,alleghaniensis,Betula alleghaniensis,114,123,122,118,122,125,144,259,278,272,56.2,10-15-1900,42.30194577,-71.12374252,150,158,75.19999999999996,114.16944444444447,1739.3472222222224,1625.177777777778,1664.1472222222224
BEAL_12843_E,2019,BEAL_12843_E_II,BEAL,12843,E,II,0.18796,Betula,alleghaniensis,Betula alleghaniensis,107,122,110,109,111,125,159,249,286,249,56.2,10-15-1900,42.30194577,-71.12374252,139,142,73.81111111111116,95.16388888888895,1422.6194444444454,1327.4555555555564,1348.8083333333343
BEAL_12843_E,2019,BEAL_12843_E_I,BEAL,12843,E,I,0.16256,Betula,alleghaniensis,Betula alleghaniensis,107,122,110,109,111,125,159,249,286,249,56.2,10-15-1900,42.30194577,-71.12374252,139,142,73.81111111111116,95.16388888888895,1422.6194444444454,1327.4555555555564,1348.8083333333343
BEAL_12843_E,2020,BEAL_12843_E_II,BEAL,12843,E,II,0.10922,Betula,alleghaniensis,Betula alleghaniensis,108,126,126,85,126,NA,160,236,NA,226,56.2,10-15-1900,42.30194577,-71.12374252,100,118,71.50000000000006,109.8055555555556,1248.3333333333333,1138.5277777777776,1176.8333333333333
BEAL_12843_E,2020,BEAL_12843_E_I,BEAL,12843,E,I,0.08636,Betula,alleghaniensis,Betula alleghaniensis,108,126,126,85,126,NA,160,236,NA,226,56.2,10-15-1900,42.30194577,-71.12374252,100,118,71.50000000000006,109.8055555555556,1248.3333333333333,1138.5277777777776,1176.8333333333333
BEAL_12843_H,2016,BEAL_12843_H_II,BEAL,12843,H,II,0.04572,Betula,alleghaniensis,Betula alleghaniensis,110,121,121,111,114,124,207,229,NA,281,64.6,10-15-1900,42.30199149,-71.12371027,160,171,104.17222222222222,143.71388888888893,1799.8916666666676,1656.1777777777786,1695.7194444444453
BEAL_12843_H,2016,BEAL_12843_H_I,BEAL,12843,H,I,0.04572,Betula,alleghaniensis,Betula alleghaniensis,110,121,121,111,114,124,207,229,NA,281,64.6,10-15-1900,42.30199149,-71.12371027,160,171,104.17222222222222,143.71388888888893,1799.8916666666676,1656.1777777777786,1695.7194444444453
BEAL_12843_H,2017,BEAL_12843_H_I,BEAL,12843,H,I,0.14732,Betula,alleghaniensis,Betula alleghaniensis,102,117,117,120,120,NA,156,NA,NA,288,64.6,10-15-1900,42.30199149,-71.12371027,171,186,78.88333333333331,129.74722222222232,1728.7722222222228,1599.0250000000005,1649.8888888888896
BEAL_12843_H,2017,BEAL_12843_H_II,BEAL,12843,H,II,0.09652,Betula,alleghaniensis,Betula alleghaniensis,102,117,117,120,120,NA,156,NA,NA,288,64.6,10-15-1900,42.30199149,-71.12371027,171,186,78.88333333333331,129.74722222222232,1728.7722222222228,1599.0250000000005,1649.8888888888896
BEAL_12843_H,2018,BEAL_12843_H_I,BEAL,12843,H,I,0.08636,Betula,alleghaniensis,Betula alleghaniensis,118,125,122,111,122,NA,154,210,274,277,64.6,10-15-1900,42.30199149,-71.12371027,155,159,93.47499999999997,114.16944444444447,1765.7222222222224,1651.552777777778,1672.2472222222225
BEAL_12843_H,2018,BEAL_12843_H_II,BEAL,12843,H,II,0.07112,Betula,alleghaniensis,Betula alleghaniensis,118,125,122,111,122,NA,154,210,274,277,64.6,10-15-1900,42.30199149,-71.12371027,155,159,93.47499999999997,114.16944444444447,1765.7222222222224,1651.552777777778,1672.2472222222225
BEAL_12843_H,2019,BEAL_12843_H_I,BEAL,12843,H,I,0.22605999999999998,Betula,alleghaniensis,Betula alleghaniensis,112,122,122,112,NA,NA,258,258,286,265,64.6,10-15-1900,42.30199149,-71.12371027,143,153,104.43611111111119,120.3666666666668,1545.0305555555562,1424.6638888888895,1440.5944444444451
BEAL_12843_H,2019,BEAL_12843_H_II,BEAL,12843,H,II,0.14732,Betula,alleghaniensis,Betula alleghaniensis,112,122,122,112,NA,NA,258,258,286,265,64.6,10-15-1900,42.30199149,-71.12371027,143,153,104.43611111111119,120.3666666666668,1545.0305555555562,1424.6638888888895,1440.5944444444451
BEAL_12843_H,2020,BEAL_12843_H_II,BEAL,12843,H,II,0.04318,Betula,alleghaniensis,Betula alleghaniensis,120,126,126,120,NA,NA,264,NA,NA,271,64.6,10-15-1900,42.30199149,-71.12371027,145,151,80.50000000000006,109.8055555555556,1690.249999999999,1580.4444444444434,1609.749999999999
BEAL_12843_H,2020,BEAL_12843_H_I,BEAL,12843,H,I,0.07874,Betula,alleghaniensis,Betula alleghaniensis,120,126,126,120,NA,NA,264,NA,NA,271,64.6,10-15-1900,42.30199149,-71.12371027,145,151,80.50000000000006,109.8055555555556,1690.249999999999,1580.4444444444434,1609.749999999999
BENI_1199_J,2016,BENI_1199_J_I,BENI,1199,J,I,0.14478000000000002,Betula,nigra,Betula nigra,114,130,130,124,132,NA,NA,NA,NA,279,89.1,07-17-1877,42.30252077,-71.12397574,149,165,126.93611111111116,154.25833333333338,1786.5277777777785,1632.269444444445,1659.5916666666674
BENI_1199_J,2017,BENI_1199_J_I,BENI,1199,J,I,0.09906,Betula,nigra,Betula nigra,100,120,118,118,118,117,149,162,162,250,89.1,07-17-1877,42.30252077,-71.12397574,132,150,64.60277777777776,140.88055555555562,1392.2055555555564,1251.3250000000007,1327.6027777777786
BENI_1199_J,2018,BENI_1199_J_I,BENI,1199,J,I,0.10414000000000001,Betula,nigra,Betula nigra,122,123,122,122,122,130,154,161,162,272,89.1,07-17-1877,42.30252077,-71.12397574,150,150,114.16944444444447,114.16944444444447,1739.3472222222224,1625.177777777778,1625.177777777778
BENI_1199_J,2019,BENI_1199_J_I,BENI,1199,J,I,0.06096,Betula,nigra,Betula nigra,111,115,126,111,130,NA,NA,NA,NA,237,89.1,07-17-1877,42.30252077,-71.12397574,111,126,101.87222222222229,126.25277777777792,1310.1500000000008,1183.8972222222228,1208.2777777777785
BENI_1199_J,2020,BENI_1199_J_I,BENI,1199,J,I,0.0635,Betula,nigra,Betula nigra,126,133,128,120,126,NA,160,167,167,258,89.1,07-17-1877,42.30252077,-71.12397574,130,132,109.8055555555556,114.2777777777778,1602.2499999999995,1487.9722222222217,1492.444444444444
BENI_1251-79_A,2016,BENI_1251-79_A_II,BENI,1251-79,A,II,0.33274000000000004,Betula,nigra,Betula nigra,111,130,127,111,114,114,161,165,165,210,78,12-20-1979,42.30223154,-71.12410601,83,99,105.51111111111112,145.97222222222229,1003.2777777777775,857.3055555555552,897.7666666666664
BENI_1251-79_A,2016,BENI_1251-79_A_I,BENI,1251-79,A,I,0.34798,Betula,nigra,Betula nigra,111,130,127,111,114,114,161,165,165,210,78,12-20-1979,42.30223154,-71.12410601,83,99,105.51111111111112,145.97222222222229,1003.2777777777775,857.3055555555552,897.7666666666664
BENI_1251-79_A,2017,BENI_1251-79_A_I,BENI,1251-79,A,I,0.42672000000000004,Betula,nigra,Betula nigra,100,117,108,112,117,117,139,NA,167,202,78,12-20-1979,42.30223154,-71.12410601,94,102,64.60277777777776,108.71388888888892,881.6111111111118,772.8972222222228,817.008333333334
BENI_1251-79_A,2017,BENI_1251-79_A_II,BENI,1251-79,A,II,0.39116,Betula,nigra,Betula nigra,100,117,108,112,117,117,139,NA,167,202,78,12-20-1979,42.30223154,-71.12410601,94,102,64.60277777777776,108.71388888888892,881.6111111111118,772.8972222222228,817.008333333334
BENI_1251-79_A,2018,BENI_1251-79_A_I,BENI,1251-79,A,I,0.54864,Betula,nigra,Betula nigra,118,125,125,122,124,125,151,162,162,243,78,12-20-1979,42.30223154,-71.12410601,118,125,93.47499999999997,152.58055555555558,1466.0805555555555,1313.5,1372.6055555555556
BENI_1251-79_A,2018,BENI_1251-79_A_II,BENI,1251-79,A,II,0.40132,Betula,nigra,Betula nigra,118,125,125,122,124,125,151,162,162,243,78,12-20-1979,42.30223154,-71.12410601,118,125,93.47499999999997,152.58055555555558,1466.0805555555555,1313.5,1372.6055555555556
BENI_1251-79_A,2019,BENI_1251-79_A_I,BENI,1251-79,A,I,0.21336000000000002,Betula,nigra,Betula nigra,107,122,122,114,111,124,150,167,168,214,78,12-20-1979,42.30223154,-71.12410601,92,107,73.81111111111116,120.3666666666668,1022.783333333334,902.4166666666672,948.9722222222229
BENI_1251-79_A,2019,BENI_1251-79_A_II,BENI,1251-79,A,II,0.21844,Betula,nigra,Betula nigra,107,122,122,114,111,124,150,167,168,214,78,12-20-1979,42.30223154,-71.12410601,92,107,73.81111111111116,120.3666666666668,1022.783333333334,902.4166666666672,948.9722222222229
BENI_1251-79_A,2020,BENI_1251-79_A_II,BENI,1251-79,A,II,0.49276000000000003,Betula,nigra,Betula nigra,126,133,128,120,126,NA,160,167,167,197,78,12-20-1979,42.30223154,-71.12410601,69,71,109.8055555555556,114.2777777777778,775.8055555555559,661.527777777778,666.0000000000002
BENI_1251-79_A,2020,BENI_1251-79_A_I,BENI,1251-79,A,I,0.58928,Betula,nigra,Betula nigra,126,133,128,120,126,NA,160,167,167,197,78,12-20-1979,42.30223154,-71.12410601,69,71,109.8055555555556,114.2777777777778,775.8055555555559,661.527777777778,666.0000000000002
BENI_1251-79_A,2024,BENI_1251-79_A_I,BENI,1251-79,A,I,0.2667,Betula,nigra,Betula nigra,110,124,124,111,NA,NA,NA,159,NA,NA,78,12-20-1979,42.30223154,-71.12410601,NA,NA,71.22222222222217,116.2777777777778,NA,NA,NA
BENI_1251-79_A,2024,BENI_1251-79_A_II,BENI,1251-79,A,II,0.34290000000000004,Betula,nigra,Betula nigra,110,124,124,111,NA,NA,NA,159,NA,NA,78,12-20-1979,42.30223154,-71.12410601,NA,NA,71.22222222222217,116.2777777777778,NA,NA,NA
BENI_1251-79_B,2016,BENI_1251-79_B_I,BENI,1251-79,B,I,0.11176,Betula,nigra,Betula nigra,111,130,125,114,125,132,147,161,161,246,70.8,12-20-1979,42.30228781,-71.12445659,121,135,105.51111111111112,144.97222222222229,1504.8222222222223,1359.85,1399.3111111111111
BENI_1251-79_B,2016,BENI_1251-79_B_II,BENI,1251-79,B,II,0.05588,Betula,nigra,Betula nigra,111,130,125,114,125,132,147,161,161,246,70.8,12-20-1979,42.30228781,-71.12445659,121,135,105.51111111111112,144.97222222222229,1504.8222222222223,1359.85,1399.3111111111111
BENI_1251-79_B,2017,BENI_1251-79_B_I,BENI,1251-79,B,I,0.10922,Betula,nigra,Betula nigra,101,117,117,109,114,117,136,158,158,209,70.8,12-20-1979,42.30228781,-71.12445659,92,108,75.26388888888886,129.74722222222232,951.7666666666676,822.0194444444453,876.5027777777786
BENI_1251-79_B,2017,BENI_1251-79_B_II,BENI,1251-79,B,II,0.10160000000000001,Betula,nigra,Betula nigra,101,117,117,109,114,117,136,158,158,209,70.8,12-20-1979,42.30228781,-71.12445659,92,108,75.26388888888886,129.74722222222232,951.7666666666676,822.0194444444453,876.5027777777786
BENI_1251-79_B,2018,BENI_1251-79_B_II,BENI,1251-79,B,II,0.36829999999999996,Betula,nigra,Betula nigra,118,124,122,122,122,NA,138,156,156,250,70.8,12-20-1979,42.30228781,-71.12445659,128,132,93.47499999999997,114.16944444444447,1563.9722222222224,1449.802777777778,1470.4972222222225
BENI_1251-79_B,2018,BENI_1251-79_B_I,BENI,1251-79,B,I,0.47244,Betula,nigra,Betula nigra,118,124,122,122,122,NA,138,156,156,250,70.8,12-20-1979,42.30228781,-71.12445659,128,132,93.47499999999997,114.16944444444447,1563.9722222222224,1449.802777777778,1470.4972222222225
BENI_1251-79_B,2019,BENI_1251-79_B_I,BENI,1251-79,B,I,0.2921,Betula,nigra,Betula nigra,107,122,122,107,123,124,152,159,159,230,70.8,12-20-1979,42.30228781,-71.12445659,108,123,73.81111111111116,120.3666666666668,1220.833333333334,1100.4666666666672,1147.0222222222228
BENI_1251-79_B,2019,BENI_1251-79_B_II,BENI,1251-79,B,II,0.254,Betula,nigra,Betula nigra,107,122,122,107,123,124,152,159,159,230,70.8,12-20-1979,42.30228781,-71.12445659,108,123,73.81111111111116,120.3666666666668,1220.833333333334,1100.4666666666672,1147.0222222222228
BENI_1251-79_B,2020,BENI_1251-79_B_I,BENI,1251-79,B,I,0.24638000000000002,Betula,nigra,Betula nigra,126,133,133,120,126,NA,147,160,164,197,70.8,12-20-1979,42.30228781,-71.12445659,64,71,109.8055555555556,125.19444444444446,775.8055555555559,650.6111111111114,666.0000000000002
BENI_1251-79_B,2020,BENI_1251-79_B_II,BENI,1251-79,B,II,0.15748,Betula,nigra,Betula nigra,126,133,133,120,126,NA,147,160,164,197,70.8,12-20-1979,42.30228781,-71.12445659,64,71,109.8055555555556,125.19444444444446,775.8055555555559,650.6111111111114,666.0000000000002
BENI_1251-79_B,2021,BENI_1251-79_B_I,BENI,1251-79,B,I,0.22605999999999998,Betula,nigra,Betula nigra,114,122,122,114,116,116,134,NA,NA,261,70.8,12-20-1979,42.30228781,-71.12445659,139,147,110.8611111111111,135.30555555555554,1581.6388888888887,1446.333333333333,1470.7777777777776
BENI_1251-79_B,2021,BENI_1251-79_B_II,BENI,1251-79,B,II,0.20066,Betula,nigra,Betula nigra,114,122,122,114,116,116,134,NA,NA,261,70.8,12-20-1979,42.30228781,-71.12445659,139,147,110.8611111111111,135.30555555555554,1581.6388888888887,1446.333333333333,1470.7777777777776
BENI_1251-79_B,2022,BENI_1251-79_B_II,BENI,1251-79,B,II,0.28448,Betula,nigra,Betula nigra,103,125,125,103,125,125,147,158,158,238,70.8,12-20-1979,42.30228781,-71.12445659,113,135,88.11111111111111,137.22222222222223,1435.3611111111109,1298.1388888888887,1347.2499999999998
BENI_1251-79_B,2022,BENI_1251-79_B_I,BENI,1251-79,B,I,0.22605999999999998,Betula,nigra,Betula nigra,103,125,125,103,125,125,147,158,158,238,70.8,12-20-1979,42.30228781,-71.12445659,113,135,88.11111111111111,137.22222222222223,1435.3611111111109,1298.1388888888887,1347.2499999999998
BENI_1251-79_B,2023,BENI_1251-79_B_I,BENI,1251-79,B,I,0.3048,Betula,nigra,Betula nigra,104,117,108,101,104,112,139,159,159,231,70.8,12-20-1979,42.30228781,-71.12445659,123,127,91.6388888888889,99.83333333333334,1206.6666666666663,1106.833333333333,1115.0277777777774
BENI_1251-79_B,2023,BENI_1251-79_B_II,BENI,1251-79,B,II,0.40386,Betula,nigra,Betula nigra,104,117,108,101,104,112,139,159,159,231,70.8,12-20-1979,42.30228781,-71.12445659,123,127,91.6388888888889,99.83333333333334,1206.6666666666663,1106.833333333333,1115.0277777777774
BENI_1251-79_B,2024,BENI_1251-79_B_I,BENI,1251-79,B,I,0.18796,Betula,nigra,Betula nigra,121,121,121,104,117,NA,NA,NA,NA,257,70.8,12-20-1979,42.30228781,-71.12445659,136,136,106.69444444444444,106.69444444444444,1551.1944444444441,1444.4999999999998,1444.4999999999998
BENI_1251-79_B,2024,BENI_1251-79_B_II,BENI,1251-79,B,II,0.19812,Betula,nigra,Betula nigra,121,121,121,104,117,NA,NA,NA,NA,257,70.8,12-20-1979,42.30228781,-71.12445659,136,136,106.69444444444444,106.69444444444444,1551.1944444444441,1444.4999999999998,1444.4999999999998
BENI_1251-79_E,2016,BENI_1251-79_E_II,BENI,1251-79,E,II,0.48514,Betula,nigra,Betula nigra,112,130,130,124,138,NA,162,NA,165,281,70,12-20-1979,42.3022236,-71.12398789,151,169,113.06666666666666,154.25833333333338,1799.8916666666676,1645.6333333333341,1686.825000000001
BENI_1251-79_E,2016,BENI_1251-79_E_I,BENI,1251-79,E,I,0.42418000000000006,Betula,nigra,Betula nigra,112,130,130,124,138,NA,162,NA,165,281,70,12-20-1979,42.3022236,-71.12398789,151,169,113.06666666666666,154.25833333333338,1799.8916666666676,1645.6333333333341,1686.825000000001
BENI_1251-79_E,2017,BENI_1251-79_E_II,BENI,1251-79,E,II,0.62738,Betula,nigra,Betula nigra,101,120,118,125,131,117,149,162,162,230,70,12-20-1979,42.3022236,-71.12398789,112,129,75.26388888888886,140.88055555555562,1200.4972222222232,1059.6166666666675,1125.2333333333343
BENI_1251-79_E,2017,BENI_1251-79_E_I,BENI,1251-79,E,I,0.3937,Betula,nigra,Betula nigra,101,120,118,125,131,117,149,162,162,230,70,12-20-1979,42.3022236,-71.12398789,112,129,75.26388888888886,140.88055555555562,1200.4972222222232,1059.6166666666675,1125.2333333333343
BENI_1251-79_E,2018,BENI_1251-79_E_I,BENI,1251-79,E,I,0.508,Betula,nigra,Betula nigra,122,125,125,125,125,130,154,162,162,251,70,12-20-1979,42.3022236,-71.12398789,126,129,114.16944444444447,152.58055555555558,1570.9611111111112,1418.3805555555557,1456.7916666666667
BENI_1251-79_E,2018,BENI_1251-79_E_II,BENI,1251-79,E,II,0.6477,Betula,nigra,Betula nigra,122,125,125,125,125,130,154,162,162,251,70,12-20-1979,42.3022236,-71.12398789,126,129,114.16944444444447,152.58055555555558,1570.9611111111112,1418.3805555555557,1456.7916666666667
BENI_1251-79_E,2019,BENI_1251-79_E_II,BENI,1251-79,E,II,0.23876,Betula,nigra,Betula nigra,110,124,126,112,133,NA,157,NA,NA,237,70,12-20-1979,42.3022236,-71.12398789,111,127,95.16388888888895,126.25277777777792,1310.1500000000008,1183.8972222222228,1214.9861111111118
BENI_1251-79_E,2019,BENI_1251-79_E_I,BENI,1251-79,E,I,0.22352,Betula,nigra,Betula nigra,110,124,126,112,133,NA,157,NA,NA,237,70,12-20-1979,42.3022236,-71.12398789,111,127,95.16388888888895,126.25277777777792,1310.1500000000008,1183.8972222222228,1214.9861111111118
BENI_1251-79_E,2020,BENI_1251-79_E_II,BENI,1251-79,E,II,0.48514,Betula,nigra,Betula nigra,126,133,126,120,126,NA,160,NA,NA,226,70,12-20-1979,42.3022236,-71.12398789,100,100,109.8055555555556,109.8055555555556,1248.3333333333333,1138.5277777777776,1138.5277777777776
BENI_1251-79_E,2020,BENI_1251-79_E_I,BENI,1251-79,E,I,0.5816600000000001,Betula,nigra,Betula nigra,126,133,126,120,126,NA,160,NA,NA,226,70,12-20-1979,42.3022236,-71.12398789,100,100,109.8055555555556,109.8055555555556,1248.3333333333333,1138.5277777777776,1138.5277777777776
CAOV_12907_B,2016,CAOV_12907_B_II,CAOV,12907,B,II,0.0889,Carya,ovata,Carya ovata,130,132,131,142,NA,NA,150,NA,NA,284,54.8,10-18-1883,42.30172976,-71.12580046,153,154,154.25833333333338,160.27500000000003,1811.4055555555562,1651.1305555555562,1657.1472222222228
CAOV_12907_B,2017,CAOV_12907_B_II,CAOV,12907,B,II,0.08128,Carya,ovata,Carya ovata,105,124,118,124,133,NA,172,251,251,278,54.8,10-18-1883,42.30172976,-71.12580046,160,173,89.36944444444441,140.88055555555562,1649.9083333333338,1509.027777777778,1560.5388888888892
CAOV_12907_B,2018,CAOV_12907_B_II,CAOV,12907,B,II,0.0635,Carya,ovata,Carya ovata,118,125,125,125,144,NA,171,263,249,272,54.8,10-18-1883,42.30172976,-71.12580046,147,154,93.47499999999997,152.58055555555558,1739.3472222222224,1586.7666666666669,1645.8722222222225
CAOV_12907_B,2019,CAOV_12907_B_II,CAOV,12907,B,II,0.15494,Carya,ovata,Carya ovata,110,124,121,124,142,NA,188,NA,264,260,54.8,10-18-1883,42.30172976,-71.12580046,139,150,95.16388888888895,120.3666666666668,1506.0888888888899,1385.722222222223,1410.9250000000009
CAOV_12907_B,2020,CAOV_12907_B_II,CAOV,12907,B,II,0.10414000000000001,Carya,ovata,Carya ovata,125,140,134,140,146,NA,169,259,259,276,54.8,10-18-1883,42.30172976,-71.12580046,142,151,107.4444444444445,127.88888888888891,1734.8055555555547,1606.9166666666658,1627.3611111111102
CAOV_12907_D,2016,CAOV_12907_D_I,CAOV,12907,D,I,0.10160000000000001,Carya,ovata,Carya ovata,130,NA,132,143,NA,NA,NA,NA,NA,284,51.8,10-18-1883,42.30168923,-71.12587438,152,154,154.25833333333338,167.97777777777785,1811.4055555555562,1643.4277777777784,1657.1472222222228
CAOV_12907_D,2016,CAOV_12907_D_II,CAOV,12907,D,II,0.08128,Carya,ovata,Carya ovata,130,NA,132,143,NA,NA,NA,NA,NA,284,51.8,10-18-1883,42.30168923,-71.12587438,152,154,154.25833333333338,167.97777777777785,1811.4055555555562,1643.4277777777784,1657.1472222222228
CAOV_12907_D,2017,CAOV_12907_D_II,CAOV,12907,D,II,0.07112,Carya,ovata,Carya ovata,105,118,118,118,133,NA,172,251,251,264,51.8,10-18-1883,42.30168923,-71.12587438,146,159,89.36944444444441,140.88055555555562,1530.0500000000009,1389.1694444444452,1440.6805555555566
CAOV_12907_D,2017,CAOV_12907_D_I,CAOV,12907,D,I,0.09906,Carya,ovata,Carya ovata,105,118,118,118,133,NA,172,251,251,264,51.8,10-18-1883,42.30168923,-71.12587438,146,159,89.36944444444441,140.88055555555562,1530.0500000000009,1389.1694444444452,1440.6805555555566
CAOV_12907_D,2018,CAOV_12907_D_I,CAOV,12907,D,I,0.09652,Carya,ovata,Carya ovata,118,125,125,125,131,NA,158,251,249,272,51.8,10-18-1883,42.30168923,-71.12587438,147,154,93.47499999999997,152.58055555555558,1739.3472222222224,1586.7666666666669,1645.8722222222225
CAOV_12907_D,2018,CAOV_12907_D_II,CAOV,12907,D,II,0.0762,Carya,ovata,Carya ovata,118,125,125,125,131,NA,158,251,249,272,51.8,10-18-1883,42.30168923,-71.12587438,147,154,93.47499999999997,152.58055555555558,1739.3472222222224,1586.7666666666669,1645.8722222222225
CAOV_12907_D,2019,CAOV_12907_D_II,CAOV,12907,D,II,0.09144,Carya,ovata,Carya ovata,108,124,124,124,NA,NA,160,297,264,248,51.8,10-18-1883,42.30168923,-71.12587438,124,140,76.5666666666667,123.43055555555571,1417.475000000001,1294.0444444444454,1340.9083333333344
CAOV_12907_D,2019,CAOV_12907_D_I,CAOV,12907,D,I,0.13462,Carya,ovata,Carya ovata,108,124,124,124,NA,NA,160,297,264,248,51.8,10-18-1883,42.30168923,-71.12587438,124,140,76.5666666666667,123.43055555555571,1417.475000000001,1294.0444444444454,1340.9083333333344
CAOV_12907_D,2020,CAOV_12907_D_I,CAOV,12907,D,I,0.1524,Carya,ovata,Carya ovata,125,140,134,141,NA,NA,168,259,259,276,51.8,10-18-1883,42.30168923,-71.12587438,142,151,107.4444444444445,127.88888888888891,1734.8055555555547,1606.9166666666658,1627.3611111111102
CAOV_12907_D,2020,CAOV_12907_D_II,CAOV,12907,D,II,0.10414000000000001,Carya,ovata,Carya ovata,125,140,134,141,NA,NA,168,259,259,276,51.8,10-18-1883,42.30168923,-71.12587438,142,151,107.4444444444445,127.88888888888891,1734.8055555555547,1606.9166666666658,1627.3611111111102
CAOV_12907_G,2016,CAOV_12907_G_II,CAOV,12907,G,II,0.13716,Carya,ovata,Carya ovata,110,132,127,127,142,144,200,NA,NA,278,59.5,10-18-1883,42.30181554,-71.1256858,151,168,104.17222222222222,145.97222222222229,1783.3194444444453,1637.347222222223,1679.147222222223
CAOV_12907_G,2016,CAOV_12907_G_I,CAOV,12907,G,I,0.15494,Carya,ovata,Carya ovata,110,132,127,127,142,144,200,NA,NA,278,59.5,10-18-1883,42.30181554,-71.1256858,151,168,104.17222222222222,145.97222222222229,1783.3194444444453,1637.347222222223,1679.147222222223
CAOV_12907_G,2017,CAOV_12907_G_II,CAOV,12907,G,II,0.14224,Carya,ovata,Carya ovata,105,117,117,117,129,NA,172,251,251,253,59.5,10-18-1883,42.30181554,-71.1256858,136,148,89.36944444444441,129.74722222222232,1412.0944444444453,1282.347222222223,1322.7250000000008
CAOV_12907_G,2017,CAOV_12907_G_I,CAOV,12907,G,I,0.20574,Carya,ovata,Carya ovata,105,117,117,117,129,NA,172,251,251,253,59.5,10-18-1883,42.30181554,-71.1256858,136,148,89.36944444444441,129.74722222222232,1412.0944444444453,1282.347222222223,1322.7250000000008
CAOV_12907_G,2018,CAOV_12907_G_I,CAOV,12907,G,I,0.15494,Carya,ovata,Carya ovata,122,125,125,125,131,NA,239,249,249,272,59.5,10-18-1883,42.30181554,-71.1256858,147,150,114.16944444444447,152.58055555555558,1739.3472222222224,1586.7666666666669,1625.177777777778
CAOV_12907_G,2018,CAOV_12907_G_II,CAOV,12907,G,II,0.12954,Carya,ovata,Carya ovata,122,125,125,125,131,NA,239,249,249,272,59.5,10-18-1883,42.30181554,-71.1256858,147,150,114.16944444444447,152.58055555555558,1739.3472222222224,1586.7666666666669,1625.177777777778
CAOV_12907_G,2019,CAOV_12907_G_II,CAOV,12907,G,II,0.19558,Carya,ovata,Carya ovata,108,124,119,119,125,NA,160,297,264,260,59.5,10-18-1883,42.30181554,-71.1256858,141,152,76.5666666666667,117.71111111111125,1506.0888888888899,1388.3777777777786,1429.5222222222233
CAOV_12907_G,2019,CAOV_12907_G_I,CAOV,12907,G,I,0.17272,Carya,ovata,Carya ovata,108,124,119,119,125,NA,160,297,264,260,59.5,10-18-1883,42.30181554,-71.1256858,141,152,76.5666666666667,117.71111111111125,1506.0888888888899,1388.3777777777786,1429.5222222222233
CAOV_12907_G,2020,CAOV_12907_G_I,CAOV,12907,G,I,0.16764,Carya,ovata,Carya ovata,125,140,129,129,146,NA,170,259,259,262,59.5,10-18-1883,42.30181554,-71.1256858,133,137,107.4444444444445,116.47222222222226,1627.694444444444,1511.2222222222217,1520.2499999999993
CAOV_12907_G,2021,CAOV_12907_G_I,CAOV,12907,G,I,0.21844,Carya,ovata,Carya ovata,115,NA,124,NA,NA,NA,NA,NA,NA,NA,59.5,10-18-1883,42.30181554,-71.1256858,NA,NA,111.8611111111111,140.72222222222217,NA,NA,NA
CAOV_12907_G,2022,CAOV_12907_G_I,CAOV,12907,G,I,0.12954,Carya,ovata,Carya ovata,116,126,126,131,136,NA,147,NA,NA,258,59.5,10-18-1883,42.30181554,-71.1256858,132,142,116.08333333333333,141.11111111111114,1645.5833333333328,1504.4722222222217,1529.4999999999995
CAOV_12907_I,2016,CAOV_12907_I_I,CAOV,12907,I,I,0.14224,Carya,ovata,Carya ovata,130,142,132,143,NA,NA,NA,NA,NA,278,51,10-18-1883,42.30185516,-71.12559225,146,148,154.25833333333338,167.97777777777785,1783.3194444444453,1615.3416666666674,1629.0611111111118
CAOV_12907_I,2017,CAOV_12907_I_I,CAOV,12907,I,I,0.1143,Carya,ovata,Carya ovata,105,118,118,118,133,NA,172,247,247,260,51,10-18-1883,42.30185516,-71.12559225,142,155,89.36944444444441,140.88055555555562,1492.286111111112,1351.4055555555562,1402.9166666666674
CAOV_12907_I,2018,CAOV_12907_I_I,CAOV,12907,I,I,0.15494,Carya,ovata,Carya ovata,118,125,125,125,NA,NA,158,272,249,272,51,10-18-1883,42.30185516,-71.12559225,147,154,93.47499999999997,152.58055555555558,1739.3472222222224,1586.7666666666669,1645.8722222222225
CAOV_12907_I,2019,CAOV_12907_I_I,CAOV,12907,I,I,0.13208,Carya,ovata,Carya ovata,108,124,124,119,142,152,160,248,264,260,51,10-18-1883,42.30185516,-71.12559225,136,152,76.5666666666667,123.43055555555571,1506.0888888888899,1382.6583333333342,1429.5222222222233
CAOV_12907_I,2020,CAOV_12907_I_I,CAOV,12907,I,I,0.1905,Carya,ovata,Carya ovata,125,140,136,NA,NA,NA,169,NA,237,250,51,10-18-1883,42.30185516,-71.12559225,114,125,107.4444444444445,142.41666666666666,1522.9722222222222,1380.5555555555554,1415.5277777777776
CAOV_12907_I,2021,CAOV_12907_I_I,CAOV,12907,I,I,0.12954,Carya,ovata,Carya ovata,115,NA,124,NA,NA,NA,NA,NA,261,270,51,10-18-1883,42.30185516,-71.12559225,146,155,111.8611111111111,140.72222222222217,1660.9166666666663,1520.1944444444441,1549.0555555555552
CAOV_12907_N,2016,CAOV_12907_N_I,CAOV,12907,N,I,0.12192,Carya,ovata,Carya ovata,125,143,132,143,150,149,150,236,NA,285,61.2,10-18-1883,42.30163563,-71.12561522,153,160,144.97222222222229,167.97777777777785,1815.5777777777785,1647.6000000000006,1670.6055555555563
CAOV_12907_N,2016,CAOV_12907_N_II,CAOV,12907,N,II,0.10160000000000001,Carya,ovata,Carya ovata,125,143,132,143,150,149,150,236,NA,285,61.2,10-18-1883,42.30163563,-71.12561522,153,160,144.97222222222229,167.97777777777785,1815.5777777777785,1647.6000000000006,1670.6055555555563
CAOV_12907_N,2017,CAOV_12907_N_I,CAOV,12907,N,I,0.1397,Carya,ovata,Carya ovata,112,118,118,120,133,NA,172,251,248,253,61.2,10-18-1883,42.30163563,-71.12561522,135,141,112.42500000000007,140.88055555555562,1412.0944444444453,1271.2138888888896,1299.6694444444452
CAOV_12907_N,2017,CAOV_12907_N_II,CAOV,12907,N,II,0.12954,Carya,ovata,Carya ovata,112,118,118,120,133,NA,172,251,248,253,61.2,10-18-1883,42.30163563,-71.12561522,135,141,112.42500000000007,140.88055555555562,1412.0944444444453,1271.2138888888896,1299.6694444444452
CAOV_12907_N,2018,CAOV_12907_N_I,CAOV,12907,N,I,0.11176,Carya,ovata,Carya ovata,118,125,125,125,144,146,156,251,249,274,61.2,10-18-1883,42.30163563,-71.12561522,149,156,93.47499999999997,152.58055555555558,1749.4333333333334,1596.8527777777779,1655.9583333333335
CAOV_12907_N,2018,CAOV_12907_N_II,CAOV,12907,N,II,0.09144,Carya,ovata,Carya ovata,118,125,125,125,144,146,156,251,249,274,61.2,10-18-1883,42.30163563,-71.12561522,149,156,93.47499999999997,152.58055555555558,1749.4333333333334,1596.8527777777779,1655.9583333333335
CAOV_12907_N,2019,CAOV_12907_N_II,CAOV,12907,N,II,0.09906,Carya,ovata,Carya ovata,108,124,124,121,142,NA,145,297,264,260,61.2,10-18-1883,42.30163563,-71.12561522,136,152,76.5666666666667,123.43055555555571,1506.0888888888899,1382.6583333333342,1429.5222222222233
CAOV_12907_N,2019,CAOV_12907_N_I,CAOV,12907,N,I,0.1143,Carya,ovata,Carya ovata,108,124,124,121,142,NA,145,297,264,260,61.2,10-18-1883,42.30163563,-71.12561522,136,152,76.5666666666667,123.43055555555571,1506.0888888888899,1382.6583333333342,1429.5222222222233
CAOV_12907_N,2020,CAOV_12907_N_I,CAOV,12907,N,I,0.11684,Carya,ovata,Carya ovata,125,138,134,129,146,149,167,205,205,273,61.2,10-18-1883,42.30163563,-71.12561522,139,148,107.4444444444445,127.88888888888891,1714.5555555555545,1586.6666666666656,1607.11111111111
CAOV_12907_N,2020,CAOV_12907_N_II,CAOV,12907,N,II,0.0889,Carya,ovata,Carya ovata,125,138,134,129,146,149,167,205,205,273,61.2,10-18-1883,42.30163563,-71.12561522,139,148,107.4444444444445,127.88888888888891,1714.5555555555545,1586.6666666666656,1607.11111111111
CAOV_12907_N,2022,CAOV_12907_N_II,CAOV,12907,N,II,0.07874,Carya,ovata,Carya ovata,114,126,126,129,136,NA,152,NA,NA,286,61.2,10-18-1883,42.30163563,-71.12561522,160,172,113.33333333333333,141.11111111111114,1789.499999999999,1648.388888888888,1676.1666666666658
CAOV_12907_N,2022,CAOV_12907_N_I,CAOV,12907,N,I,0.10668000000000001,Carya,ovata,Carya ovata,114,126,126,129,136,NA,152,NA,NA,286,61.2,10-18-1883,42.30163563,-71.12561522,160,172,113.33333333333333,141.11111111111114,1789.499999999999,1648.388888888888,1676.1666666666658
PODE_16611_F,2016,PODE_16611_F_II,PODE,16611,F,II,0.15494,Populus,deltoides,Populus deltoides,110,148,136,NA,NA,NA,NA,NA,NA,286,93.9,08-15-1895,42.29432229,-71.12466088,150,176,104.17222222222222,194.0361111111111,1820.7611111111119,1626.7250000000008,1716.5888888888896
PODE_16611_F,2016,PODE_16611_F_I,PODE,16611,F,I,0.08382,Populus,deltoides,Populus deltoides,110,148,136,NA,NA,NA,NA,NA,NA,286,93.9,08-15-1895,42.29432229,-71.12466088,150,176,104.17222222222222,194.0361111111111,1820.7611111111119,1626.7250000000008,1716.5888888888896
PODE_16611_F,2017,PODE_16611_F_I,PODE,16611,F,I,0.08382,Populus,deltoides,Populus deltoides,107,124,124,109,NA,NA,125,143,147,250,93.9,08-15-1895,42.29432229,-71.12466088,126,143,108.53055555555557,168.91666666666669,1392.2055555555564,1223.2888888888897,1283.6750000000009
PODE_16611_F,2017,PODE_16611_F_II,PODE,16611,F,II,0.15748,Populus,deltoides,Populus deltoides,107,124,124,109,NA,NA,125,143,147,250,93.9,08-15-1895,42.29432229,-71.12466088,126,143,108.53055555555557,168.91666666666669,1392.2055555555564,1223.2888888888897,1283.6750000000009
PODE_16611_F,2018,PODE_16611_F_II,PODE,16611,F,II,0.1778,Populus,deltoides,Populus deltoides,117,124,124,124,NA,NA,147,NA,148,270,93.9,08-15-1895,42.29432229,-71.12466088,146,153,86.74999999999996,143.61666666666667,1729.791666666667,1586.1750000000002,1643.041666666667
PODE_16611_F,2018,PODE_16611_F_I,PODE,16611,F,I,0.14478000000000002,Populus,deltoides,Populus deltoides,117,124,124,124,NA,NA,147,NA,148,270,93.9,08-15-1895,42.29432229,-71.12466088,146,153,86.74999999999996,143.61666666666667,1729.791666666667,1586.1750000000002,1643.041666666667
PODE_16611_F,2019,PODE_16611_F_I,PODE,16611,F,I,0.0889,Populus,deltoides,Populus deltoides,123,123,123,NA,NA,NA,123,NA,NA,260,93.9,08-15-1895,42.29432229,-71.12466088,137,137,122.04444444444461,122.04444444444461,1506.0888888888899,1384.0444444444452,1384.0444444444452
PODE_16611_F,2019,PODE_16611_F_II,PODE,16611,F,II,0.13208,Populus,deltoides,Populus deltoides,123,123,123,NA,NA,NA,123,NA,NA,260,93.9,08-15-1895,42.29432229,-71.12466088,137,137,122.04444444444461,122.04444444444461,1506.0888888888899,1384.0444444444452,1384.0444444444452
PODE_16611_F,2020,PODE_16611_F_II,PODE,16611,F,II,0.12192,Populus,deltoides,Populus deltoides,125,126,126,104,120,NA,127,151,151,261,93.9,08-15-1895,42.29432229,-71.12466088,135,136,107.4444444444445,109.8055555555556,1623.444444444444,1513.6388888888882,1515.9999999999993
PODE_16611_F,2020,PODE_16611_F_I,PODE,16611,F,I,0.09398,Populus,deltoides,Populus deltoides,125,126,126,104,120,NA,127,151,151,261,93.9,08-15-1895,42.29432229,-71.12466088,135,136,107.4444444444445,109.8055555555556,1623.444444444444,1513.6388888888882,1515.9999999999993
PODE_16611_F,2021,PODE_16611_F_I,PODE,16611,F,I,0.09906,Populus,deltoides,Populus deltoides,120,123,123,103,109,NA,123,145,145,278,93.9,08-15-1895,42.29432229,-71.12466088,155,158,125.25,139.6111111111111,1696.444444444444,1556.8333333333328,1571.194444444444
PODE_16611_F,2021,PODE_16611_F_II,PODE,16611,F,II,0.1397,Populus,deltoides,Populus deltoides,120,123,123,103,109,NA,123,145,145,278,93.9,08-15-1895,42.29432229,-71.12466088,155,158,125.25,139.6111111111111,1696.444444444444,1556.8333333333328,1571.194444444444
PODE_16611_F,2022,PODE_16611_F_I,PODE,16611,F,I,0.08636,Populus,deltoides,Populus deltoides,117,128,127,108,117,NA,128,148,148,269,93.9,08-15-1895,42.29432229,-71.12466088,142,152,117.58333333333333,141.5555555555556,1714.4444444444437,1572.888888888888,1596.8611111111104
PODE_16611_F,2022,PODE_16611_F_II,PODE,16611,F,II,0.0762,Populus,deltoides,Populus deltoides,117,128,127,108,117,NA,128,148,148,269,93.9,08-15-1895,42.29432229,-71.12466088,142,152,117.58333333333333,141.5555555555556,1714.4444444444437,1572.888888888888,1596.8611111111104
PODE_16611_J,2017,PODE_16611_J_II,PODE,16611,J,II,0.11176,Populus,deltoides,Populus deltoides,107,124,124,109,109,NA,124,NA,NA,231,71,08-15-1895,42.2941909,-71.12464076,107,124,108.53055555555557,168.91666666666669,1215.1833333333343,1046.2666666666676,1106.6527777777787
PODE_16611_J,2017,PODE_16611_J_I,PODE,16611,J,I,0.18288,Populus,deltoides,Populus deltoides,107,124,124,109,109,NA,124,NA,NA,231,71,08-15-1895,42.2941909,-71.12464076,107,124,108.53055555555557,168.91666666666669,1215.1833333333343,1046.2666666666676,1106.6527777777787
PODE_16611_J,2018,PODE_16611_J_II,PODE,16611,J,II,0.15494,Populus,deltoides,Populus deltoides,117,124,124,124,NA,NA,147,NA,NA,236,71,08-15-1895,42.2941909,-71.12464076,112,119,86.74999999999996,143.61666666666667,1364.116666666667,1220.5000000000005,1277.366666666667
PODE_16611_J,2018,PODE_16611_J_I,PODE,16611,J,I,0.14478000000000002,Populus,deltoides,Populus deltoides,117,124,124,124,NA,NA,147,NA,NA,236,71,08-15-1895,42.2941909,-71.12464076,112,119,86.74999999999996,143.61666666666667,1364.116666666667,1220.5000000000005,1277.366666666667
PODE_16611_J,2020,PODE_16611_J_I,PODE,16611,J,I,0.11176,Populus,deltoides,Populus deltoides,126,132,132,113,120,NA,132,164,164,255,71,08-15-1895,42.2941909,-71.12464076,123,129,109.8055555555556,123.69444444444446,1582.722222222222,1459.0277777777774,1472.9166666666663
PODE_16611_J,2020,PODE_16611_J_II,PODE,16611,J,II,0.08382,Populus,deltoides,Populus deltoides,126,132,132,113,120,NA,132,164,164,255,71,08-15-1895,42.2941909,-71.12464076,123,129,109.8055555555556,123.69444444444446,1582.722222222222,1459.0277777777774,1472.9166666666663
PODE_16611_J,2021,PODE_16611_J_I,PODE,16611,J,I,0.3175,Populus,deltoides,Populus deltoides,123,125,125,NA,113,NA,123,NA,153,257,71,08-15-1895,42.2941909,-71.12464076,132,134,139.6111111111111,140.72222222222217,1539.4166666666665,1398.6944444444443,1399.8055555555554
PODE_16611_J,2021,PODE_16611_J_II,PODE,16611,J,II,0.13208,Populus,deltoides,Populus deltoides,123,125,125,NA,113,NA,123,NA,153,257,71,08-15-1895,42.2941909,-71.12464076,132,134,139.6111111111111,140.72222222222217,1539.4166666666665,1398.6944444444443,1399.8055555555554
PODE_16611_J,2022,PODE_16611_J_I,PODE,16611,J,I,0.12446,Populus,deltoides,Populus deltoides,117,127,127,108,NA,NA,127,NA,NA,NA,71,08-15-1895,42.2941909,-71.12464076,NA,NA,117.58333333333333,141.5555555555556,NA,NA,NA
PODE_16611_J,2022,PODE_16611_J_II,PODE,16611,J,II,0.12192,Populus,deltoides,Populus deltoides,117,127,127,108,NA,NA,127,NA,NA,NA,71,08-15-1895,42.2941909,-71.12464076,NA,NA,117.58333333333333,141.5555555555556,NA,NA,NA
PODE_16611_K,2016,PODE_16611_K_II,PODE,16611,K,II,0.1651,Populus,deltoides,Populus deltoides,122,148,136,NA,NA,NA,NA,NA,NA,286,81.5,08-15-1895,42.29404926,-71.12460511,150,164,144.76388888888894,194.0361111111111,1820.7611111111119,1626.7250000000008,1675.997222222223
PODE_16611_K,2017,PODE_16611_K_II,PODE,16611,K,II,0.11176,Populus,deltoides,Populus deltoides,107,124,124,109,109,NA,124,161,161,239,81.5,08-15-1895,42.29404926,-71.12460511,115,132,108.53055555555557,168.91666666666669,1302.4027777777787,1133.486111111112,1193.8722222222232
PODE_16611_K,2018,PODE_16611_K_II,PODE,16611,K,II,0.13462,Populus,deltoides,Populus deltoides,117,NA,129,124,NA,NA,147,154,159,251,81.5,08-15-1895,42.29404926,-71.12460511,122,134,86.74999999999996,172.26111111111112,1570.9611111111112,1398.7,1484.2111111111112
PODE_16611_K,2020,PODE_16611_K_II,PODE,16611,K,II,0.11176,Populus,deltoides,Populus deltoides,125,132,132,113,120,NA,127,158,161,255,81.5,08-15-1895,42.29404926,-71.12460511,123,130,107.4444444444445,123.69444444444446,1582.722222222222,1459.0277777777774,1475.2777777777774
PODE_16611_K,2021,PODE_16611_K_II,PODE,16611,K,II,0.11684,Populus,deltoides,Populus deltoides,123,125,125,103,113,NA,123,153,153,257,81.5,08-15-1895,42.29404926,-71.12460511,132,134,139.6111111111111,140.72222222222217,1539.4166666666665,1398.6944444444443,1399.8055555555554
PODE_16611_K,2022,PODE_16611_K_II,PODE,16611,K,II,0.18288,Populus,deltoides,Populus deltoides,128,130,130,108,114,NA,128,152,NA,NA,81.5,08-15-1895,42.29404926,-71.12460511,NA,NA,142.1944444444445,145.5555555555556,NA,NA,NA
PODE_22099_A,2016,PODE_22099_A_II,PODE,22099,A,II,0.06096,Populus,deltoides,Populus deltoides,127,133,133,101,114,NA,NA,NA,NA,229,58,07-01-1911,42.29378479,-71.124621,96,102,145.97222222222229,174.77500000000003,1275.8361111111112,1101.0611111111111,1129.863888888889
PODE_22099_A,2016,PODE_22099_A_I,PODE,22099,A,I,0.11938,Populus,deltoides,Populus deltoides,127,133,133,101,114,NA,NA,NA,NA,229,58,07-01-1911,42.29378479,-71.124621,96,102,145.97222222222229,174.77500000000003,1275.8361111111112,1101.0611111111111,1129.863888888889
PODE_22099_A,2017,PODE_22099_A_I,PODE,22099,A,I,0.13716,Populus,deltoides,Populus deltoides,102,120,120,109,109,NA,NA,NA,NA,231,58,07-01-1911,42.29378479,-71.124621,111,129,78.88333333333331,157.52222222222224,1215.1833333333343,1057.661111111112,1136.300000000001
PODE_22099_A,2017,PODE_22099_A_II,PODE,22099,A,II,0.0762,Populus,deltoides,Populus deltoides,102,120,120,109,109,NA,NA,NA,NA,231,58,07-01-1911,42.29378479,-71.124621,111,129,78.88333333333331,157.52222222222224,1215.1833333333343,1057.661111111112,1136.300000000001
PODE_22099_A,2018,PODE_22099_A_I,PODE,22099,A,I,0.14732,Populus,deltoides,Populus deltoides,117,123,118,121,NA,NA,NA,NA,NA,236,58,07-01-1911,42.29378479,-71.124621,118,119,86.74999999999996,93.47499999999997,1364.116666666667,1270.641666666667,1277.366666666667
PODE_22099_A,2018,PODE_22099_A_II,PODE,22099,A,II,0.08128,Populus,deltoides,Populus deltoides,117,123,118,121,NA,NA,NA,NA,NA,236,58,07-01-1911,42.29378479,-71.124621,118,119,86.74999999999996,93.47499999999997,1364.116666666667,1270.641666666667,1277.366666666667
PODE_22099_A,2019,PODE_22099_A_I,PODE,22099,A,I,0.20066,Populus,deltoides,Populus deltoides,123,128,128,104,NA,NA,NA,NA,NA,229,58,07-01-1911,42.29378479,-71.124621,101,106,122.04444444444461,137.48611111111123,1205.0722222222228,1067.5861111111114,1083.027777777778
PODE_22099_A,2019,PODE_22099_A_II,PODE,22099,A,II,0.0635,Populus,deltoides,Populus deltoides,123,128,128,104,NA,NA,NA,NA,NA,229,58,07-01-1911,42.29378479,-71.124621,101,106,122.04444444444461,137.48611111111123,1205.0722222222228,1067.5861111111114,1083.027777777778
PODE_22099_A,2020,PODE_22099_A_I,PODE,22099,A,I,0.12446,Populus,deltoides,Populus deltoides,125,127,127,103,113,120,NA,NA,NA,255,58,07-01-1911,42.29378479,-71.124621,128,130,107.4444444444445,110.6666666666667,1582.722222222222,1472.0555555555552,1475.2777777777774
PODE_22099_A,2020,PODE_22099_A_II,PODE,22099,A,II,0.0762,Populus,deltoides,Populus deltoides,125,127,127,103,113,120,NA,NA,NA,255,58,07-01-1911,42.29378479,-71.124621,128,130,107.4444444444445,110.6666666666667,1582.722222222222,1472.0555555555552,1475.2777777777774
PODE_22099_A,2021,PODE_22099_A_I,PODE,22099,A,I,0.16256,Populus,deltoides,Populus deltoides,123,123,123,99,113,NA,NA,NA,NA,243,58,07-01-1911,42.29378479,-71.124621,120,120,139.6111111111111,139.6111111111111,1407.4722222222224,1267.8611111111113,1267.8611111111113
PODE_22099_A,2021,PODE_22099_A_II,PODE,22099,A,II,0.09144,Populus,deltoides,Populus deltoides,123,123,123,99,113,NA,NA,NA,NA,243,58,07-01-1911,42.29378479,-71.124621,120,120,139.6111111111111,139.6111111111111,1407.4722222222224,1267.8611111111113,1267.8611111111113
PODE_22099_A,2022,PODE_22099_A_II,PODE,22099,A,II,0.05842,Populus,deltoides,Populus deltoides,123,128,128,105,114,114,NA,NA,NA,269,58,07-01-1911,42.29378479,-71.124621,141,146,130.77777777777777,142.1944444444445,1714.4444444444437,1572.249999999999,1583.6666666666658
PODE_22099_A,2022,PODE_22099_A_I,PODE,22099,A,I,0.13208,Populus,deltoides,Populus deltoides,123,128,128,105,114,114,NA,NA,NA,269,58,07-01-1911,42.29378479,-71.124621,141,146,130.77777777777777,142.1944444444445,1714.4444444444437,1572.249999999999,1583.6666666666658
PODE_22099_A,2024,PODE_22099_A_I,PODE,22099,A,I,0.20066,Populus,deltoides,Populus deltoides,120,120,120,105,112,112,NA,NA,NA,245,58,07-01-1911,42.29378479,-71.124621,125,125,103.58333333333334,103.58333333333334,1448.6944444444441,1345.1111111111109,1345.1111111111109
PODE_22099_A,2024,PODE_22099_A_II,PODE,22099,A,II,0.07874,Populus,deltoides,Populus deltoides,120,120,120,105,112,112,NA,NA,NA,245,58,07-01-1911,42.29378479,-71.124621,125,125,103.58333333333334,103.58333333333334,1448.6944444444441,1345.1111111111109,1345.1111111111109
QUAL_21815_E,2017,QUAL_21815_E_II,QUAL,21815,E,II,0.18542,Quercus,alba,Quercus alba,118,119,119,118,131,NA,225,257,264,271,73.3,07-01-1931,42.29918666,-71.12348625,152,153,140.88055555555562,153.62500000000003,1609.6222222222227,1455.9972222222227,1468.741666666667
QUAL_21815_E,2017,QUAL_21815_E_I,QUAL,21815,E,I,0.21082,Quercus,alba,Quercus alba,118,119,119,118,131,NA,225,257,264,271,73.3,07-01-1931,42.29918666,-71.12348625,152,153,140.88055555555562,153.62500000000003,1609.6222222222227,1455.9972222222227,1468.741666666667
QUAL_21815_E,2019,QUAL_21815_E_I,QUAL,21815,E,I,0.28448,Quercus,alba,Quercus alba,117,126,127,NA,NA,NA,183,NA,NA,268,73.3,07-01-1931,42.29918666,-71.12348625,141,151,113.4027777777779,133.49444444444458,1578.6055555555563,1445.1111111111118,1465.2027777777785
QUAL_21815_E,2019,QUAL_21815_E_II,QUAL,21815,E,II,0.21336000000000002,Quercus,alba,Quercus alba,117,126,127,NA,NA,NA,183,NA,NA,268,73.3,07-01-1931,42.29918666,-71.12348625,141,151,113.4027777777779,133.49444444444458,1578.6055555555563,1445.1111111111118,1465.2027777777785
QUAL_227-2011_A,2017,QUAL_227-2011_A_I,QUAL,227-2011,A,I,0.09906,Quercus,alba,Quercus alba,110,NA,124,127,NA,NA,NA,257,257,267,66.1,07-26-2011,42.29933201,-71.12435358,143,157,112.42500000000007,168.91666666666669,1558.983333333334,1390.0666666666673,1446.5583333333338
QUAL_227-2011_A,2017,QUAL_227-2011_A_II,QUAL,227-2011,A,II,0.09652,Quercus,alba,Quercus alba,110,NA,124,127,NA,NA,NA,257,257,267,66.1,07-26-2011,42.29933201,-71.12435358,143,157,112.42500000000007,168.91666666666669,1558.983333333334,1390.0666666666673,1446.5583333333338
QUAL_227-2011_A,2019,QUAL_227-2011_A_I,QUAL,227-2011,A,I,0.0889,Quercus,alba,Quercus alba,117,126,127,NA,NA,NA,NA,NA,NA,268,66.1,07-26-2011,42.29933201,-71.12435358,141,151,113.4027777777779,133.49444444444458,1578.6055555555563,1445.1111111111118,1465.2027777777785
QUAL_227-2011_A,2019,QUAL_227-2011_A_II,QUAL,227-2011,A,II,0.1143,Quercus,alba,Quercus alba,117,126,127,NA,NA,NA,NA,NA,NA,268,66.1,07-26-2011,42.29933201,-71.12435358,141,151,113.4027777777779,133.49444444444458,1578.6055555555563,1445.1111111111118,1465.2027777777785
QUAL_22886_D,2017,QUAL_22886_D_II,QUAL,22886,D,II,0.20828000000000002,Quercus,alba,Quercus alba,110,131,119,127,127,NA,NA,NA,288,257,87.2,07-01-1950,42.29940788,-71.12438014,138,147,112.42500000000007,153.62500000000003,1455.4972222222232,1301.8722222222232,1343.072222222223
QUAL_22886_D,2017,QUAL_22886_D_I,QUAL,22886,D,I,0.18288,Quercus,alba,Quercus alba,110,131,119,127,127,NA,NA,NA,288,257,87.2,07-01-1950,42.29940788,-71.12438014,138,147,112.42500000000007,153.62500000000003,1455.4972222222232,1301.8722222222232,1343.072222222223
QUAL_22886_D,2019,QUAL_22886_D_II,QUAL,22886,D,II,0.15494,Quercus,alba,Quercus alba,117,126,127,126,NA,NA,NA,NA,NA,260,87.2,07-01-1950,42.29940788,-71.12438014,133,143,113.4027777777779,133.49444444444458,1506.0888888888899,1372.5944444444453,1392.686111111112
QUAL_22886_D,2019,QUAL_22886_D_I,QUAL,22886,D,I,0.1524,Quercus,alba,Quercus alba,117,126,127,126,NA,NA,NA,NA,NA,260,87.2,07-01-1950,42.29940788,-71.12438014,133,143,113.4027777777779,133.49444444444458,1506.0888888888899,1372.5944444444453,1392.686111111112
QUAL_358-82_A,2017,QUAL_358-82_A_I,QUAL,358-82,A,I,0.56896,Quercus,alba,Quercus alba,117,124,124,NA,NA,NA,266,266,264,291,38.4,03-25-1982,42.29920928,-71.12373613,167,174,129.74722222222232,168.91666666666669,1742.330555555556,1573.4138888888892,1612.5833333333337
QUAL_358-82_A,2017,QUAL_358-82_A_II,QUAL,358-82,A,II,0.63754,Quercus,alba,Quercus alba,117,124,124,NA,NA,NA,266,266,264,291,38.4,03-25-1982,42.29920928,-71.12373613,167,174,129.74722222222232,168.91666666666669,1742.330555555556,1573.4138888888892,1612.5833333333337
QUAL_358-82_A,2018,QUAL_358-82_A_I,QUAL,358-82,A,I,0.48006,Quercus,alba,Quercus alba,122,126,123,131,NA,NA,NA,NA,274,282,38.4,03-25-1982,42.29920928,-71.12373613,159,160,114.16944444444447,129.41944444444448,1795.9666666666672,1666.5472222222227,1681.7972222222227
QUAL_358-82_A,2018,QUAL_358-82_A_II,QUAL,358-82,A,II,0.4699,Quercus,alba,Quercus alba,122,126,123,131,NA,NA,NA,NA,274,282,38.4,03-25-1982,42.29920928,-71.12373613,159,160,114.16944444444447,129.41944444444448,1795.9666666666672,1666.5472222222227,1681.7972222222227
QUAL_358-82_A,2019,QUAL_358-82_A_I,QUAL,358-82,A,I,0.58928,Quercus,alba,Quercus alba,111,126,127,129,NA,NA,NA,NA,NA,286,38.4,03-25-1982,42.29920928,-71.12373613,159,175,101.87222222222229,133.49444444444458,1671.6166666666672,1538.1222222222227,1569.744444444445
QUAL_358-82_A,2019,QUAL_358-82_A_II,QUAL,358-82,A,II,0.62484,Quercus,alba,Quercus alba,111,126,127,129,NA,NA,NA,NA,NA,286,38.4,03-25-1982,42.29920928,-71.12373613,159,175,101.87222222222229,133.49444444444458,1671.6166666666672,1538.1222222222227,1569.744444444445
QUAL_358-82_A,2024,QUAL_358-82_A_I,QUAL,358-82,A,I,0.55118,Quercus,alba,Quercus alba,121,128,128,NA,NA,NA,NA,NA,NA,277,38.4,03-25-1982,42.29920928,-71.12373613,149,156,106.69444444444444,133.83333333333334,1694.0555555555554,1560.2222222222222,1587.361111111111
QUAL_358-82_A,2024,QUAL_358-82_A_II,QUAL,358-82,A,II,0.37084,Quercus,alba,Quercus alba,121,128,128,NA,NA,NA,NA,NA,NA,277,38.4,03-25-1982,42.29920928,-71.12373613,149,156,106.69444444444444,133.83333333333334,1694.0555555555554,1560.2222222222222,1587.361111111111
QUAL_611-2010_A,2016,QUAL_611-2010_A_I,QUAL,611-2010,A,I,0.1397,Quercus,alba,Quercus alba,115,133,133,NA,NA,NA,NA,NA,NA,280,75.7,11-15-2010,42.29281823,-71.12903099,147,165,129.51111111111115,174.77500000000003,1792.9750000000008,1618.2000000000007,1663.4638888888896
QUAL_611-2010_A,2016,QUAL_611-2010_A_II,QUAL,611-2010,A,II,0.09906,Quercus,alba,Quercus alba,115,133,133,NA,NA,NA,NA,NA,NA,280,75.7,11-15-2010,42.29281823,-71.12903099,147,165,129.51111111111115,174.77500000000003,1792.9750000000008,1618.2000000000007,1663.4638888888896
QUAL_611-2010_A,2017,QUAL_611-2010_A_I,QUAL,611-2010,A,I,0.16256,Quercus,alba,Quercus alba,117,120,120,NA,NA,NA,260,260,247,288,75.7,11-15-2010,42.29281823,-71.12903099,168,171,129.74722222222232,157.52222222222224,1728.7722222222228,1571.2500000000005,1599.0250000000005
QUAL_611-2010_A,2017,QUAL_611-2010_A_II,QUAL,611-2010,A,II,0.09906,Quercus,alba,Quercus alba,117,120,120,NA,NA,NA,260,260,247,288,75.7,11-15-2010,42.29281823,-71.12903099,168,171,129.74722222222232,157.52222222222224,1728.7722222222228,1571.2500000000005,1599.0250000000005
QUAL_611-2010_A,2019,QUAL_611-2010_A_I,QUAL,611-2010,A,I,0.13462,Quercus,alba,Quercus alba,113,123,123,NA,NA,NA,NA,NA,248,287,75.7,11-15-2010,42.29281823,-71.12903099,164,174,105.738888888889,122.04444444444461,1677.2027777777782,1555.1583333333335,1571.4638888888892
QUAL_611-2010_A,2019,QUAL_611-2010_A_II,QUAL,611-2010,A,II,0.08636,Quercus,alba,Quercus alba,113,123,123,NA,NA,NA,NA,NA,248,287,75.7,11-15-2010,42.29281823,-71.12903099,164,174,105.738888888889,122.04444444444461,1677.2027777777782,1555.1583333333335,1571.4638888888892
QUAL_611-2010_A,2020,QUAL_611-2010_A_I,QUAL,611-2010,A,I,0.1651,Quercus,alba,Quercus alba,123,126,125,127,NA,NA,NA,NA,NA,272,75.7,11-15-2010,42.29281823,-71.12903099,147,149,92.13888888888894,107.4444444444445,1702.9444444444434,1595.4999999999989,1610.8055555555545
QUAL_611-2010_A,2020,QUAL_611-2010_A_II,QUAL,611-2010,A,II,0.10160000000000001,Quercus,alba,Quercus alba,123,126,125,127,NA,NA,NA,NA,NA,272,75.7,11-15-2010,42.29281823,-71.12903099,147,149,92.13888888888894,107.4444444444445,1702.9444444444434,1595.4999999999989,1610.8055555555545
QUAL_611-2010_A,2021,QUAL_611-2010_A_I,QUAL,611-2010,A,I,0.21336000000000002,Quercus,alba,Quercus alba,113,117,117,NA,NA,NA,NA,NA,NA,289,75.7,11-15-2010,42.29281823,-71.12903099,172,176,104.9722222222222,118.5,1776.3333333333326,1657.8333333333326,1671.3611111111104
QUAL_611-2010_A,2021,QUAL_611-2010_A_II,QUAL,611-2010,A,II,0.12954,Quercus,alba,Quercus alba,113,117,117,NA,NA,NA,NA,NA,NA,289,75.7,11-15-2010,42.29281823,-71.12903099,172,176,104.9722222222222,118.5,1776.3333333333326,1657.8333333333326,1671.3611111111104
QUAL_611-2010_A,2022,QUAL_611-2010_A_II,QUAL,611-2010,A,II,0.10414000000000001,Quercus,alba,Quercus alba,117,128,128,NA,NA,NA,NA,NA,NA,281,75.7,11-15-2010,42.29281823,-71.12903099,153,164,117.58333333333333,142.1944444444445,1764.0833333333326,1621.888888888888,1646.4999999999993
QUAL_611-2010_A,2022,QUAL_611-2010_A_I,QUAL,611-2010,A,I,0.16256,Quercus,alba,Quercus alba,117,128,128,NA,NA,NA,NA,NA,NA,281,75.7,11-15-2010,42.29281823,-71.12903099,153,164,117.58333333333333,142.1944444444445,1764.0833333333326,1621.888888888888,1646.4999999999993
QUAL_611-2010_A,2024,QUAL_611-2010_A_I,QUAL,611-2010,A,I,0.16256,Quercus,alba,Quercus alba,116,123,123,NA,NA,NA,NA,NA,NA,277,75.7,11-15-2010,42.29281823,-71.12903099,154,161,86.16666666666663,114.08333333333334,1694.0555555555554,1579.9722222222222,1607.8888888888887
QUAL_611-2010_A,2024,QUAL_611-2010_A_II,QUAL,611-2010,A,II,0.10160000000000001,Quercus,alba,Quercus alba,116,123,123,NA,NA,NA,NA,NA,NA,277,75.7,11-15-2010,42.29281823,-71.12903099,154,161,86.16666666666663,114.08333333333334,1694.0555555555554,1579.9722222222222,1607.8888888888887
QURU_11253_A,2017,QURU_11253_A_I,QURU,11253,A,I,0.15748,Quercus,rubra,Quercus rubra,119,132,124,NA,NA,NA,236,NA,242,270,69.5,01-13-1917,42.30002036,-71.12432118,146,151,153.62500000000003,168.91666666666669,1600.680555555556,1431.7638888888894,1447.055555555556
QURU_11253_A,2017,QURU_11253_A_II,QURU,11253,A,II,0.15748,Quercus,rubra,Quercus rubra,119,132,124,NA,NA,NA,236,NA,242,270,69.5,01-13-1917,42.30002036,-71.12432118,146,151,153.62500000000003,168.91666666666669,1600.680555555556,1431.7638888888894,1447.055555555556
QURU_11253_A,2018,QURU_11253_A_II,QURU,11253,A,II,0.18796,Quercus,rubra,Quercus rubra,122,125,125,128,130,131,NA,NA,NA,282,69.5,01-13-1917,42.30002036,-71.12432118,157,160,114.16944444444447,152.58055555555558,1795.9666666666672,1643.3861111111116,1681.7972222222227
QURU_11253_A,2018,QURU_11253_A_I,QURU,11253,A,I,0.21082,Quercus,rubra,Quercus rubra,122,125,125,128,130,131,NA,NA,NA,282,69.5,01-13-1917,42.30002036,-71.12432118,157,160,114.16944444444447,152.58055555555558,1795.9666666666672,1643.3861111111116,1681.7972222222227
QURU_11253_A,2019,QURU_11253_A_II,QURU,11253,A,II,0.16764,Quercus,rubra,Quercus rubra,110,128,128,126,NA,NA,190,260,NA,260,69.5,01-13-1917,42.30002036,-71.12432118,132,150,95.16388888888895,137.48611111111123,1506.0888888888899,1368.6027777777786,1410.9250000000009
QURU_11253_A,2019,QURU_11253_A_I,QURU,11253,A,I,0.23622,Quercus,rubra,Quercus rubra,110,128,128,126,NA,NA,190,260,NA,260,69.5,01-13-1917,42.30002036,-71.12432118,132,150,95.16388888888895,137.48611111111123,1506.0888888888899,1368.6027777777786,1410.9250000000009
QURU_5859_A,2016,QURU_5859_A_II,QURU,5859,A,II,0.18288,Quercus,rubra,Quercus rubra,115,NA,127,115,NA,NA,NA,NA,NA,282,80.7,09-02-1908,42.29994632,-71.12375725,155,167,129.51111111111115,145.97222222222229,1805.5638888888898,1659.5916666666676,1676.0527777777786
QURU_5859_A,2016,QURU_5859_A_I,QURU,5859,A,I,0.19812,Quercus,rubra,Quercus rubra,115,NA,127,115,NA,NA,NA,NA,NA,282,80.7,09-02-1908,42.29994632,-71.12375725,155,167,129.51111111111115,145.97222222222229,1805.5638888888898,1659.5916666666676,1676.0527777777786
QURU_5859_A,2017,QURU_5859_A_II,QURU,5859,A,II,0.1524,Quercus,rubra,Quercus rubra,110,124,117,NA,NA,NA,NA,NA,NA,272,80.7,09-02-1908,42.29994632,-71.12375725,155,162,112.42500000000007,129.74722222222232,1614.4722222222226,1484.7250000000004,1502.0472222222224
QURU_5859_A,2017,QURU_5859_A_I,QURU,5859,A,I,0.22352,Quercus,rubra,Quercus rubra,110,124,117,NA,NA,NA,NA,NA,NA,272,80.7,09-02-1908,42.29994632,-71.12375725,155,162,112.42500000000007,129.74722222222232,1614.4722222222226,1484.7250000000004,1502.0472222222224
QURU_5859_A,2018,QURU_5859_A_I,QURU,5859,A,I,0.18796,Quercus,rubra,Quercus rubra,122,122,122,128,135,NA,NA,NA,NA,264,80.7,09-02-1908,42.29994632,-71.12375725,142,142,114.16944444444447,114.16944444444447,1690.1444444444446,1575.9750000000001,1575.9750000000001
QURU_5859_A,2018,QURU_5859_A_II,QURU,5859,A,II,0.1651,Quercus,rubra,Quercus rubra,122,122,122,128,135,NA,NA,NA,NA,264,80.7,09-02-1908,42.29994632,-71.12375725,142,142,114.16944444444447,114.16944444444447,1690.1444444444446,1575.9750000000001,1575.9750000000001
QURU_5859_A,2019,QURU_5859_A_II,QURU,5859,A,II,0.17018000000000003,Quercus,rubra,Quercus rubra,107,113,113,121,NA,NA,NA,NA,NA,260,80.7,09-02-1908,42.29994632,-71.12375725,147,153,73.81111111111116,105.738888888889,1506.0888888888899,1400.3500000000008,1432.2777777777787
QURU_5859_A,2019,QURU_5859_A_I,QURU,5859,A,I,0.20066,Quercus,rubra,Quercus rubra,107,113,113,121,NA,NA,NA,NA,NA,260,80.7,09-02-1908,42.29994632,-71.12375725,147,153,73.81111111111116,105.738888888889,1506.0888888888899,1400.3500000000008,1432.2777777777787
QURU_5859_B,2016,QURU_5859_B_II,QURU,5859,B,II,0.18288,Quercus,rubra,Quercus rubra,115,NA,127,115,115,NA,NA,NA,NA,282,92.6,09-02-1908,42.2999613,-71.12363106,155,167,129.51111111111115,145.97222222222229,1805.5638888888898,1659.5916666666676,1676.0527777777786
QURU_5859_B,2016,QURU_5859_B_I,QURU,5859,B,I,0.13208,Quercus,rubra,Quercus rubra,115,NA,127,115,115,NA,NA,NA,NA,282,92.6,09-02-1908,42.2999613,-71.12363106,155,167,129.51111111111115,145.97222222222229,1805.5638888888898,1659.5916666666676,1676.0527777777786
QURU_5859_B,2017,QURU_5859_B_II,QURU,5859,B,II,0.23368,Quercus,rubra,Quercus rubra,110,113,113,NA,NA,NA,NA,NA,NA,272,92.6,09-02-1908,42.2999613,-71.12363106,159,162,112.42500000000007,116.20277777777787,1614.4722222222226,1498.2694444444448,1502.0472222222224
QURU_5859_B,2017,QURU_5859_B_I,QURU,5859,B,I,0.18034,Quercus,rubra,Quercus rubra,110,113,113,NA,NA,NA,NA,NA,NA,272,92.6,09-02-1908,42.2999613,-71.12363106,159,162,112.42500000000007,116.20277777777787,1614.4722222222226,1498.2694444444448,1502.0472222222224
QURU_5859_B,2018,QURU_5859_B_I,QURU,5859,B,I,0.21844,Quercus,rubra,Quercus rubra,118,122,122,128,129,NA,208,NA,251,272,92.6,09-02-1908,42.2999613,-71.12363106,150,154,93.47499999999997,114.16944444444447,1739.3472222222224,1625.177777777778,1645.8722222222225
QURU_5859_B,2018,QURU_5859_B_II,QURU,5859,B,II,0.3048,Quercus,rubra,Quercus rubra,118,122,122,128,129,NA,208,NA,251,272,92.6,09-02-1908,42.2999613,-71.12363106,150,154,93.47499999999997,114.16944444444447,1739.3472222222224,1625.177777777778,1645.8722222222225
QURU_5859_B,2019,QURU_5859_B_II,QURU,5859,B,II,0.21082,Quercus,rubra,Quercus rubra,107,113,113,121,NA,NA,158,NA,NA,260,92.6,09-02-1908,42.2999613,-71.12363106,147,153,73.81111111111116,105.738888888889,1506.0888888888899,1400.3500000000008,1432.2777777777787
QURU_5859_B,2019,QURU_5859_B_I,QURU,5859,B,I,0.15494,Quercus,rubra,Quercus rubra,107,113,113,121,NA,NA,158,NA,NA,260,92.6,09-02-1908,42.2999613,-71.12363106,147,153,73.81111111111116,105.738888888889,1506.0888888888899,1400.3500000000008,1432.2777777777787
QURU_8197_A,2016,QURU_8197_A_I,QURU,8197,A,I,0.19304,Quercus,rubra,Quercus rubra,115,NA,130,NA,NA,NA,290,290,NA,289,66.2,07-01-1916,42.2999685,-71.12424385,159,174,129.51111111111115,154.25833333333338,1831.5833333333342,1677.3250000000007,1702.072222222223
QURU_8197_A,2016,QURU_8197_A_II,QURU,8197,A,II,0.21336000000000002,Quercus,rubra,Quercus rubra,115,NA,130,NA,NA,NA,290,290,NA,289,66.2,07-01-1916,42.2999685,-71.12424385,159,174,129.51111111111115,154.25833333333338,1831.5833333333342,1677.3250000000007,1702.072222222223
QURU_8197_A,2017,QURU_8197_A_I,QURU,8197,A,I,0.23622,Quercus,rubra,Quercus rubra,110,127,119,NA,NA,NA,NA,NA,264,271,66.2,07-01-1916,42.2999685,-71.12424385,152,161,112.42500000000007,153.62500000000003,1609.6222222222227,1455.9972222222227,1497.1972222222225
QURU_8197_A,2017,QURU_8197_A_II,QURU,8197,A,II,0.19558,Quercus,rubra,Quercus rubra,110,127,119,NA,NA,NA,NA,NA,264,271,66.2,07-01-1916,42.2999685,-71.12424385,152,161,112.42500000000007,153.62500000000003,1609.6222222222227,1455.9972222222227,1497.1972222222225
QURU_8197_A,2018,QURU_8197_A_II,QURU,8197,A,II,0.24130000000000001,Quercus,rubra,Quercus rubra,122,125,123,128,130,131,260,NA,260,282,66.2,07-01-1916,42.2999685,-71.12424385,159,160,114.16944444444447,129.41944444444448,1795.9666666666672,1666.5472222222227,1681.7972222222227
QURU_8197_A,2018,QURU_8197_A_I,QURU,8197,A,I,0.2921,Quercus,rubra,Quercus rubra,122,125,123,128,130,131,260,NA,260,282,66.2,07-01-1916,42.2999685,-71.12424385,159,160,114.16944444444447,129.41944444444448,1795.9666666666672,1666.5472222222227,1681.7972222222227
QURU_8197_A,2019,QURU_8197_A_I,QURU,8197,A,I,0.24892,Quercus,rubra,Quercus rubra,107,128,128,129,NA,NA,NA,NA,NA,268,66.2,07-01-1916,42.2999685,-71.12424385,140,161,73.81111111111116,137.48611111111123,1578.6055555555563,1441.119444444445,1504.7944444444452
QURU_8197_A,2019,QURU_8197_A_II,QURU,8197,A,II,0.22097999999999998,Quercus,rubra,Quercus rubra,107,128,128,129,NA,NA,NA,NA,NA,268,66.2,07-01-1916,42.2999685,-71.12424385,140,161,73.81111111111116,137.48611111111123,1578.6055555555563,1441.119444444445,1504.7944444444452
