"","id","year","symbol","genus","species","latbi","commonName","plantNickname","budburst","increasingLeafSize","leafout","flowers","openFlowers","pollenRelease","fruits","ripeFruits","recentFruitorSeedDrop","coloredLeaves","DBH","accessionDate","pgs","fgs","budburstGDD5","leafoutGDD5","leafcolorGDD5","pgsGDD5","fgsGDD5","budburstGDD10","leafoutGDD10","leafcolorGDD10","pgsGDD10","fgsGDD10","pgsGDD10AVG","lengthMM"
"1","ACRU_1196-84_A",2020,"ACRU","Acer","rubrum","Acer rubrum","Red maple","1196-84*A",119,140,124,75,87,92,120,148,148,253,27.3,"10-15-1984",129,134,238.388888888889,280.722222222222,2336.72222222222,2056,2098.33333333333,79.6944444444445,102.083333333333,1560.75,1458.66666666667,1481.05555555556,1492.52777777778,1.7272
"3","ACRU_1196-84_A",2021,"ACRU","Acer","rubrum","Acer rubrum","Red maple","1196-84*A",101,114,114,86,86,NA,104,NA,NA,NA,27.3,"10-15-1984",NA,NA,179.277777777778,241.555555555556,NA,NA,NA,79.1111111111111,110.861111111111,NA,NA,NA,1200.47222222222,4.9657
"5","ACRU_1196-84_A",2022,"ACRU","Acer","rubrum","Acer rubrum","Red maple","1196-84*A",105,125,125,77,84,NA,105,NA,NA,NA,27.3,"10-15-1984",NA,NA,228.25,331.583333333333,NA,NA,NA,93.4166666666667,137.222222222222,NA,NA,NA,1502.72222222222,2.032
"7","ACRU_1196-84_A",2024,"ACRU","Acer","rubrum","Acer rubrum","Red maple","1196-84*A",107,121,121,NA,90,NA,117,NA,NA,NA,27.3,"10-15-1984",NA,NA,186.305555555555,267.527777777778,NA,NA,NA,66.5833333333333,106.694444444444,NA,NA,NA,1157.25,3.0988
"9","ACRU_15350_A",2020,"ACRU","Acer","rubrum","Acer rubrum","Red maple","15350*A",119,120,120,71,72,92,NA,NA,NA,236,77.5,"04-16-1924",116,117,238.388888888889,241.694444444445,2064.83333333333,1823.13888888889,1826.44444444444,79.6944444444445,80.5000000000001,1373.86111111111,1293.36111111111,1294.16666666667,1514.11111111111,1.2573
"11","ACRU_15350_A",2021,"ACRU","Acer","rubrum","Acer rubrum","Red maple","15350*A",101,114,114,81,84,100,NA,NA,NA,236,77.5,"04-16-1924",122,135,179.277777777778,241.555555555556,2015.72222222222,1774.16666666667,1836.44444444444,79.1111111111111,110.861111111111,1311.33333333333,1200.47222222222,1232.22222222222,1200.47222222222,2.4638
"13","ACRU_15350_A",2022,"ACRU","Acer","rubrum","Acer rubrum","Red maple","15350*A",103,113,113,77,77,90,NA,NA,NA,257,77.5,"04-16-1924",144,154,215.861111111111,270.583333333333,2481.75,2211.16666666667,2265.88888888889,88.1111111111111,113.333333333333,1639.94444444444,1526.61111111111,1551.83333333333,1526.61111111111,1.2827
"15","ACRU_15350_A",2023,"ACRU","Acer","rubrum","Acer rubrum","Red maple","15350*A",102,104,104,NA,82,94,NA,NA,NA,231,77.5,"04-16-1924",127,129,211.972222222222,242.75,1924.25,1681.5,1712.27777777778,70.8055555555555,91.6388888888889,1206.66666666667,1115.02777777778,1135.86111111111,1115.02777777778,2.032
"17","ACRU_15350_A",2024,"ACRU","Acer","rubrum","Acer rubrum","Red maple","15350*A",104,111,111,NA,76,NA,NA,NA,NA,227,77.5,"04-16-1924",116,123,162.722222222222,205.166666666667,1937,1731.83333333333,1774.27777777778,52.0833333333333,73.7222222222222,1263.94444444444,1190.22222222222,1211.86111111111,1190.22222222222,1.1684
"19","ACRU_524-2009_A",2020,"ACRU","Acer","rubrum","Acer rubrum","Red maple","524-2009*A",120,126,120,NA,75,NA,124,NA,NA,271,64.2,"09-09-2009",151,151,241.694444444445,241.694444444445,2545.08333333333,2303.38888888889,2303.38888888889,80.5000000000001,80.5000000000001,1690.25,1609.75,1609.75,1514.11111111111,2.3495
"21","ACRU_525-2009_A",2020,"ACRU","Acer","rubrum","Acer rubrum","Red maple","525-2009*A",120,126,120,NA,75,NA,NA,NA,NA,271,55.7,"09-09-2009",151,151,241.694444444445,241.694444444445,2545.08333333333,2303.38888888889,2303.38888888889,80.5000000000001,80.5000000000001,1690.25,1609.75,1609.75,1514.11111111111,0.9144
"23","ACSA_12565_C",2016,"ACSA","Acer","saccharum","Acer saccharum","Sugar maple","12565*C",132,130,172,118,NA,NA,NA,NA,NA,286,97.6,"10-15-1883",114,154,381.222222222222,901.513888888889,2776.79444444444,1875.28055555555,2395.57222222222,167.977777777778,496.502777777778,1820.76111111111,1324.25833333333,1652.78333333333,1341.00277777778,2.4384
"24","ACSA_12565_C",2020,"ACSA","Acer","saccharum","Acer saccharum","Sugar maple","12565*C",121,126,124,NA,NA,NA,NA,NA,NA,278,97.6,"10-15-1883",154,157,246.444444444445,280.722222222222,2628.80555555555,2348.08333333333,2382.36111111111,81.7500000000001,102.083333333333,1744.47222222222,1642.38888888889,1662.72222222222,1620.52777777778,1.1176
"25","ACSA_187-2006_B",2016,"ACSA","Acer","saccharum","Acer saccharum","Sugar maple","187-2006*B",130,147,133,NA,NA,NA,NA,NA,NA,288,21.9,"04-26-2006",155,158,361.85,392.922222222222,2792.33055555555,2399.40833333333,2430.48055555555,154.258333333333,174.775,1829.41388888889,1654.63888888889,1675.15555555556,1662.73055555556,9.2329
"27","ACSA_187-2006_B",2017,"ACSA","Acer","saccharum","Acer saccharum","Sugar maple","187-2006*B",127,131,209,NA,NA,NA,NA,NA,NA,294,21.9,"04-26-2006",85,167,378.963888888889,1538.63333333333,2751.76388888889,1213.13055555556,2372.8,178.430555555556,951.766666666668,1762.73611111111,810.969444444444,1584.30555555556,698.141666666666,10.7823
"29","ACSA_187-2006_B",2020,"ACSA","Acer","saccharum","Acer saccharum","Sugar maple","187-2006*B",126,133,133,NA,NA,NA,NA,NA,NA,253,21.9,"04-26-2006",120,127,294.888888888889,327.166666666667,2336.72222222222,2009.55555555555,2041.83333333333,109.805555555556,125.194444444444,1560.75,1435.55555555556,1450.94444444444,1597.41666666667,10.8458
"31","ACSA_187-2006_B",2021,"ACSA","Acer","saccharum","Acer saccharum","Sugar maple","187-2006*B",122,126,126,121,121,NA,211,270,283,276,21.9,"04-26-2006",150,154,293.333333333333,319.5,2589.47222222222,2269.97222222222,2296.13888888889,135.305555555556,144.833333333333,1690.33333333333,1545.5,1555.02777777778,1614.25,4.2799
"33","ACSA_187-2006_B",2022,"ACSA","Acer","saccharum","Acer saccharum","Sugar maple","187-2006*B",125,133,133,NA,NA,NA,NA,NA,NA,266,21.9,"04-26-2006",133,141,331.583333333333,390.138888888889,2578.83333333333,2188.69444444444,2247.25,137.222222222222,164.555555555556,1695.97222222222,1531.41666666667,1558.75,1562.38888888889,9.5123
"35","ACSA_187-2006_B",2023,"ACSA","Acer","saccharum","Acer saccharum","Sugar maple","187-2006*B",118,118,118,108,117,121,121,279,279,274,21.9,"04-26-2006",156,156,313.777777777778,313.777777777778,2546.41666666667,2232.63888888889,2232.63888888889,115.583333333333,115.583333333333,1617.38888888889,1501.80555555555,1501.80555555555,1501.80555555555,6.1341
"37","ACSA_187-2006_B",2024,"ACSA","Acer","saccharum","Acer saccharum","Sugar maple","187-2006*B",124,128,128,NA,NA,NA,NA,NA,NA,NA,21.9,"04-26-2006",NA,NA,287.972222222222,321.833333333333,NA,NA,NA,116.277777777778,133.833333333333,NA,NA,NA,1553.72222222222,0.6985
"39","ACSA_20645_A",2016,"ACSA","Acer","saccharum","Acer saccharum","Sugar maple","20645*A",115,144,117,123,123,NA,163,262,NA,293,85.7,"11-09-1928",176,178,294.011111111111,304.175,2846.62777777778,2542.45277777778,2552.61666666666,129.511111111111,134.136111111111,1863.71111111111,1729.575,1734.2,1703.36944444445,1.3081
"41","ACSA_20645_A",2020,"ACSA","Acer","saccharum","Acer saccharum","Sugar maple","20645*A",121,126,124,NA,NA,NA,NA,NA,NA,290,85.7,"11-09-1928",166,169,246.444444444445,280.722222222222,2736.55555555555,2455.83333333333,2490.11111111111,81.7500000000001,102.083333333333,1801.72222222222,1699.63888888889,1719.97222222222,1620.52777777778,1.651
"43","ACSA_22834_B",2016,"ACSA","Acer","saccharum","Acer saccharum","Sugar maple","22834*B",109,147,144,108,110,127,226,262,288,293,81.9,"02-02-1950",149,184,245.7,498.188888888889,2846.62777777778,2348.43888888889,2600.92777777778,102.4,233.044444444444,1863.71111111111,1630.66666666667,1761.31111111111,1604.46111111111,2.6797
"45","ACSA_22834_B",2017,"ACSA","Acer","saccharum","Acer saccharum","Sugar maple","22834*B",101,110,209,105,108,113,279,279,279,271,81.9,"02-02-1950",62,170,183.927777777778,1538.63333333333,2504.35555555555,965.722222222221,2320.42777777778,75.2638888888889,951.766666666668,1609.62222222222,657.855555555555,1534.35833333333,698.141666666666,2.7813
"47","ACSA_22834_B",2020,"ACSA","Acer","saccharum","Acer saccharum","Sugar maple","22834*B",122,126,121,108,NA,NA,257,NA,NA,291,81.9,"02-02-1950",170,169,256.277777777778,246.444444444445,2741.19444444444,2494.75,2484.91666666667,86.5833333333334,81.7500000000001,1803.86111111111,1722.11111111111,1717.27777777778,1640.86111111111,2.921
"49","ACSA_22834_B",2021,"ACSA","Acer","saccharum","Acer saccharum","Sugar maple","22834*B",101,126,126,98,101,109,121,268,268,297,81.9,"02-02-1950",171,196,179.277777777778,319.5,2807.19444444444,2487.69444444444,2627.91666666667,79.1111111111111,144.833333333333,1812.63888888889,1667.80555555555,1733.52777777778,1614.25,4.6609
"51","ACSA_22834_B",2022,"ACSA","Acer","saccharum","Acer saccharum","Sugar maple","22834*B",125,125,125,NA,NA,NA,NA,NA,NA,266,81.9,"02-02-1950",141,141,331.583333333333,331.583333333333,2578.83333333333,2247.25,2247.25,137.222222222222,137.222222222222,1695.97222222222,1558.75,1558.75,1589.72222222222,2.8956
"53","ACSA_22834_B",2023,"ACSA","Acer","saccharum","Acer saccharum","Sugar maple","22834*B",102,104,104,101,102,112,121,263,263,274,81.9,"02-02-1950",170,172,211.972222222222,242.75,2546.41666666667,2303.66666666667,2334.44444444444,70.8055555555555,91.6388888888889,1617.38888888889,1525.75,1546.58333333333,1525.75,3.0988
"55","ACSA_22834_B",2024,"ACSA","Acer","saccharum","Acer saccharum","Sugar maple","22834*B",121,121,121,NA,NA,NA,NA,NA,NA,276,81.9,"02-02-1950",155,155,267.527777777778,267.527777777778,2604.88888888889,2337.36111111111,2337.36111111111,106.694444444444,106.694444444444,1687.55555555556,1580.86111111111,1580.86111111111,1580.86111111111,2.0574
"57","ACSA_689-2010_A",2017,"ACSA","Acer","saccharum","Acer saccharum","Sugar maple","689-2010*A",117,114,113,114,NA,NA,260,224,224,270,78,"11-18-2010",157,153,290.847222222222,261.322222222222,2490.41388888889,2229.09166666667,2199.56666666667,129.747222222222,116.202777777778,1600.68055555556,1484.47777777778,1470.93333333333,1533.70555555556,1.5113
"59","ACSA_689-2010_A",2020,"ACSA","Acer","saccharum","Acer saccharum","Sugar maple","689-2010*A",112,123,123,112,NA,NA,NA,NA,NA,260,78,"11-18-2010",137,148,222.944444444445,265.777777777778,2422.52777777778,2156.75,2199.58333333333,75.8055555555556,92.1388888888889,1613.61111111111,1521.47222222222,1537.80555555555,1630.47222222222,3.5179
"61","ACSA_689-2010_A",2021,"ACSA","Acer","saccharum","Acer saccharum","Sugar maple","689-2010*A",99,110,110,96,99,NA,118,187,187,289,78,"11-18-2010",179,190,163.583333333333,218.333333333333,2740.27777777778,2521.94444444444,2576.69444444444,70.1666666666666,97.3333333333333,1776.33333333333,1679,1706.16666666667,1661.75,3.3909
"63","ACSA_689-2010_A",2022,"ACSA","Acer","saccharum","Acer saccharum","Sugar maple","689-2010*A",106,120,117,NA,NA,NA,NA,NA,NA,281,78,"11-18-2010",164,175,236.611111111111,286.083333333333,2713.25,2427.16666666667,2476.63888888889,99.0277777777778,117.583333333333,1764.08333333333,1646.5,1665.05555555555,1609.36111111111,2.4257
"65","AEFL_12651_C",2016,"AEFL","Aesculus","flava","Aesculus flava","Yellow buckeye","12651*C",105,113,108,122,130,NA,179,274,274,274,35.3,"07-01-1906",166,169,226.336111111111,238.494444444444,2676.37222222222,2437.87777777778,2450.03611111111,93.0361111111111,97.6944444444445,1766.95277777778,1669.25833333333,1673.91666666667,1657.04444444444,0.7366
"67","AEFL_12651_C",2017,"AEFL","Aesculus","flava","Aesculus flava","Yellow buckeye","12651*C",108,110,108,119,127,NA,NA,NA,NA,NA,35.3,"07-01-1906",NA,NA,242.377777777778,242.377777777778,NA,NA,NA,108.713888888889,108.713888888889,NA,NA,NA,1463.78611111111,0.4826
"69","AEFL_12651_C",2018,"AEFL","Aesculus","flava","Aesculus flava","Yellow buckeye","12651*C",117,139,122,125,131,NA,263,NA,NA,199,35.3,"07-01-1906",77,82,226.783333333333,271.027777777778,1376.38055555556,1105.35277777778,1149.59722222222,86.75,114.169444444444,848.15,733.980555555556,761.4,981.108333333334,0.6223
"71","AEFL_12651_C",2020,"AEFL","Aesculus","flava","Aesculus flava","Yellow buckeye","12651*C",101,112,112,108,140,NA,169,NA,271,197,35.3,"07-01-1906",85,96,180.861111111111,222.944444444445,1271.77777777778,1048.83333333333,1090.91666666667,61.2500000000001,75.8055555555556,775.805555555556,700,714.555555555556,1216.22222222222,0.5461
"73","AEFL_12651_D",2016,"AEFL","Aesculus","flava","Aesculus flava","Yellow buckeye","12651*D",111,142,148,113,130,NA,262,262,260,274,60.2,"07-01-1906",126,163,255.144444444444,555.077777777778,2676.37222222222,2121.29444444444,2421.22777777778,105.511111111111,269.933333333333,1766.95277777778,1497.01944444445,1661.44166666667,1484.80555555556,1.1176
"75","AEFL_12651_D",2017,"AEFL","Aesculus","flava","Aesculus flava","Yellow buckeye","12651*D",108,110,108,108,127,NA,NA,NA,NA,267,60.2,"07-01-1906",159,159,242.377777777778,242.377777777778,2433.71666666667,2191.33888888889,2191.33888888889,108.713888888889,108.713888888889,1558.98333333333,1450.26944444445,1450.26944444445,1463.78611111111,1.8161
"77","AEFL_12651_D",2018,"AEFL","Aesculus","flava","Aesculus flava","Yellow buckeye","12651*D",114,122,117,126,133,NA,145,263,263,159,60.2,"07-01-1906",42,45,202.072222222222,226.783333333333,701.869444444444,475.086111111111,499.797222222222,75.2,86.75,373.638888888889,286.888888888889,298.438888888889,1008.52777777778,2.1336
"79","AEFL_12651_H",2016,"AEFL","Aesculus","flava","Aesculus flava","Yellow buckeye","12651*H",110,142,148,112,130,NA,156,262,262,262,49.1,"07-01-1906",114,152,250.702777777778,555.077777777778,2527.22222222222,1972.14444444444,2276.51944444444,104.172222222222,269.933333333333,1673.25833333333,1403.325,1569.08611111111,1484.80555555556,1.0922
"81","AEFL_12651_H",2017,"AEFL","Aesculus","flava","Aesculus flava","Yellow buckeye","12651*H",108,110,108,119,127,NA,NA,NA,NA,NA,49.1,"07-01-1906",NA,NA,242.377777777778,242.377777777778,NA,NA,NA,108.713888888889,108.713888888889,NA,NA,NA,1463.78611111111,0.9652
"83","AEFL_12651_H",2018,"AEFL","Aesculus","flava","Aesculus flava","Yellow buckeye","12651*H",114,117,117,126,131,NA,145,NA,NA,NA,49.1,"07-01-1906",NA,NA,202.072222222222,226.783333333333,NA,NA,NA,75.2,86.75,NA,NA,NA,1008.52777777778,1.7272
"85","AEFL_12651_I",2017,"AEFL","Aesculus","flava","Aesculus flava","Yellow buckeye","12651*I",107,114,126,NA,NA,NA,254,NA,267,270,61.1,"07-01-1906",144,163,239.694444444445,370.063888888889,2490.41388888889,2120.35,2250.71944444444,108.530555555556,174.247222222222,1600.68055555556,1426.43333333333,1492.15,1398.25277777778,1.2192
"87","AEFL_12651_I",2018,"AEFL","Aesculus","flava","Aesculus flava","Yellow buckeye","12651*I",116,121,117,124,141,NA,187,251,251,260,61.1,"07-01-1906",143,144,220.191666666667,226.783333333333,2490.51666666667,2263.73333333333,2270.325,83.6027777777778,86.75,1657.28611111111,1570.53611111111,1573.68333333333,1008.52777777778,1.2192
"89","AEFL_12651_I",2021,"AEFL","Aesculus","flava","Aesculus flava","Yellow buckeye","12651*I",110,110,110,117,NA,NA,143,243,243,272,61.1,"07-01-1906",162,162,218.333333333333,218.333333333333,2554.55555555555,2336.22222222222,2336.22222222222,97.3333333333333,97.3333333333333,1671,1573.66666666667,1573.66666666667,1184.91666666667,2.3241
"91","AEFL_12651_I",2022,"AEFL","Aesculus","flava","Aesculus flava","Yellow buckeye","12651*I",115,115,115,115,128,NA,140,NA,NA,199,61.1,"07-01-1906",84,84,277,277,1397.58333333333,1120.58333333333,1120.58333333333,114.694444444444,114.694444444444,845.777777777777,731.083333333333,731.083333333333,731.083333333333,1.5113
"93","AEFL_12651_I",2024,"AEFL","Aesculus","flava","Aesculus flava","Yellow buckeye","12651*I",108,113,224,116,NA,NA,148,NA,NA,245,61.1,"07-01-1906",21,137,191.444444444444,1888.77777777778,2211.75,322.972222222222,2020.30555555555,68.5277777777777,1230.72222222222,1448.69444444444,217.972222222222,1380.16666666667,119.972222222222,1.7018
"95","AEFL_925-79_B",2016,"AEFL","Aesculus","flava","Aesculus flava","Yellow buckeye","925-79*B",110,142,112,112,130,NA,154,260,274,274,44.5,"09-24-1979",162,164,250.702777777778,265.2,2676.37222222222,2411.17222222222,2425.66944444444,104.172222222222,113.066666666667,1766.95277777778,1653.88611111111,1662.78055555556,1641.67222222222,3.7338
"97","AEFL_925-79_B",2017,"AEFL","Aesculus","flava","Aesculus flava","Yellow buckeye","925-79*B",108,108,108,108,119,NA,136,NA,NA,NA,44.5,"09-24-1979",NA,NA,242.377777777778,242.377777777778,NA,NA,NA,108.713888888889,108.713888888889,NA,NA,NA,1463.78611111111,3.1242
"99","AEFL_925-79_B",2018,"AEFL","Aesculus","flava","Aesculus flava","Yellow buckeye","925-79*B",112,138,116,125,138,NA,151,259,259,249,44.5,"09-24-1979",133,137,188.944444444444,220.191666666667,2333.45555555556,2113.26388888889,2144.51111111111,67.0722222222222,83.6027777777778,1555.225,1471.62222222222,1488.15277777778,1011.675,4.7625
"101","AEFL_925-79_B",2020,"AEFL","Aesculus","flava","Aesculus flava","Yellow buckeye","925-79*B",105,111,111,108,126,NA,147,236,236,264,44.5,"09-24-1979",153,159,203.861111111111,219.638888888889,2457.97222222222,2238.33333333333,2254.11111111111,70.4444444444445,75.0000000000001,1633.25,1558.25,1562.80555555555,1217.02777777778,5.207
"103","AEFL_925-79_B",2021,"AEFL","Aesculus","flava","Aesculus flava","Yellow buckeye","925-79*B",98,98,98,98,119,NA,134,256,268,196,44.5,"09-24-1979",98,98,157.222222222222,157.222222222222,1306.97222222222,1149.75,1149.75,66.3055555555555,66.3055555555555,802.583333333333,736.277777777778,736.277777777778,1215.94444444444,3.4925
"105","AEFL_925-79_B",2023,"AEFL","Aesculus","flava","Aesculus flava","Yellow buckeye","925-79*B",102,104,104,103,114,NA,244,263,263,259,44.5,"09-24-1979",155,157,211.972222222222,242.75,2391.16666666667,2148.41666666667,2179.19444444444,70.8055555555555,91.6388888888889,1533.58333333333,1441.94444444444,1462.77777777778,1441.94444444444,3.7846
"107","AEFL_925-79_B",2024,"AEFL","Aesculus","flava","Aesculus flava","Yellow buckeye","925-79*B",106,107,107,107,121,NA,171,NA,NA,227,44.5,"09-24-1979",120,121,178.111111111111,186.305555555555,1937,1750.69444444444,1758.88888888889,61.3333333333333,66.5833333333333,1263.94444444444,1197.36111111111,1202.61111111111,1284.11111111111,4.2926
"109","BEAL_12843_A",2018,"BEAL","Betula","alleghaniensis","Betula alleghaniensis","Yellow birch","12843*A",118,124,122,142,124,NA,320,320,313,264,73.8,"10-15-1900",142,146,237.494444444444,271.027777777778,2543.375,2272.34722222222,2305.88055555556,93.475,114.169444444444,1690.14444444444,1575.975,1596.66944444444,1639.93055555556,1.0668
"111","BEAL_12843_A",2020,"BEAL","Betula","alleghaniensis","Betula alleghaniensis","Yellow birch","12843*A",159,126,126,119,126,NA,305,257,257,257,73.8,"10-15-1900",131,98,623.25,294.888888888889,2389.72222222222,2094.83333333333,1766.47222222222,315.416666666667,109.805555555556,1594.61111111111,1484.80555555555,1279.19444444444,1484.80555555555,1.0922
"113","BEAL_12843_A",2021,"BEAL","Betula","alleghaniensis","Betula alleghaniensis","Yellow birch","12843*A",108,114,114,100,109,NA,152,211,211,261,73.8,"10-15-1900",147,153,200.972222222222,241.555555555556,2411.02777777778,2169.47222222222,2210.05555555556,85.4722222222222,110.861111111111,1581.63888888889,1470.77777777778,1496.16666666667,1470.77777777778,1.8542
"115","BEAL_12843_A",2022,"BEAL","Betula","alleghaniensis","Betula alleghaniensis","Yellow birch","12843*A",147,125,125,126,NA,NA,147,230,230,250,73.8,"10-15-1900",125,103,581.666666666667,331.583333333333,2372.69444444444,2041.11111111111,1791.02777777778,288.5,137.222222222222,1565.88888888889,1428.66666666667,1277.38888888889,1428.66666666667,1.905
"117","BEAL_12843_A",2023,"BEAL","Betula","alleghaniensis","Betula alleghaniensis","Yellow birch","12843*A",104,104,104,77,104,104,162,228,228,256,73.8,"10-15-1900",152,152,242.75,242.75,2351.72222222222,2108.97222222222,2108.97222222222,91.6388888888889,91.6388888888889,1509.13888888889,1417.5,1417.5,1417.5,1.9685
"119","BEAL_12843_D",2017,"BEAL","Betula","alleghaniensis","Betula alleghaniensis","Yellow birch","12843*D",118,164,118,118,133,NA,257,NA,NA,276,70.9,"10-15-1900",158,158,306.980555555556,306.980555555556,2543.18611111111,2236.20555555556,2236.20555555556,140.880555555556,140.880555555556,1631.07777777778,1490.19722222222,1490.19722222222,1340.02777777778,1.2065
"121","BEAL_12843_D",2018,"BEAL","Betula","alleghaniensis","Betula alleghaniensis","Yellow birch","12843*D",114,123,123,122,123,NA,293,264,315,266,70.9,"10-15-1900",143,152,202.072222222222,291.277777777778,2562.29722222222,2271.01944444444,2360.225,75.2,129.419444444444,1700.15555555556,1570.73611111111,1624.95555555556,1624.68055555556,0.7493
"123","BEAL_12843_E",2017,"BEAL","Betula","alleghaniensis","Betula alleghaniensis","Yellow birch","12843*E",133,184,117,289,133,NA,280,251,NA,242,56.2,"10-15-1900",125,109,404.333333333333,290.847222222222,2074.31944444444,1783.47222222222,1669.98611111111,186.655555555556,129.747222222222,1322.6,1192.85277777778,1135.94444444445,1351.16111111111,1.2573
"125","BEAL_12843_E",2018,"BEAL","Betula","alleghaniensis","Betula alleghaniensis","Yellow birch","12843*E",114,123,122,118,142,125,293,259,313,280,56.2,"10-15-1900",158,166,202.072222222222,271.027777777778,2709.96111111111,2438.93333333333,2507.88888888889,75.2,114.169444444444,1783.61111111111,1669.44166666667,1708.41111111111,1639.93055555556,0.8763
"127","BEAL_12843_E",2020,"BEAL","Betula","alleghaniensis","Betula alleghaniensis","Yellow birch","12843*E",108,158,126,158,126,NA,231,236,NA,258,56.2,"10-15-1900",132,150,211.25,294.888888888889,2402.36111111111,2107.47222222222,2191.11111111111,71.5000000000001,109.805555555556,1602.25,1492.44444444444,1530.75,1484.80555555555,0.9779
"129","BEAL_12843_H",2018,"BEAL","Betula","alleghaniensis","Betula alleghaniensis","Yellow birch","12843*H",118,125,122,122,122,NA,293,280,313,293,64.6,"10-15-1900",171,175,237.494444444444,271.027777777778,2813.08055555555,2542.05277777778,2575.58611111111,93.475,114.169444444444,1843.29444444444,1729.125,1749.81944444444,1639.93055555556,0.7874
"131","BENI_1199_J",2017,"BENI","Betula","nigra","Betula nigra","River birch","1199*J",118,120,118,118,118,117,149,162,162,276,89.1,"07-17-1877",158,158,306.980555555556,306.980555555556,2543.18611111111,2236.20555555556,2236.20555555556,140.880555555556,140.880555555556,1631.07777777778,1490.19722222222,1490.19722222222,1490.19722222222,0.9906
"132","BENI_1199_J",2018,"BENI","Betula","nigra","Betula nigra","River birch","1199*J",122,156,122,157,122,130,154,161,162,272,89.1,"07-17-1877",150,150,271.027777777778,271.027777777778,2630.55277777778,2359.525,2359.525,114.169444444444,114.169444444444,1739.34722222222,1625.17777777778,1625.17777777778,1625.17777777778,1.0414
"133","BENI_1251-79_A",2024,"BENI","Betula","nigra","Betula nigra","River birch","1251-79*A",110,124,124,111,NA,NA,NA,159,NA,NA,78,"12-20-1979",NA,NA,199.722222222222,287.972222222222,NA,NA,NA,71.2222222222222,116.277777777778,NA,NA,NA,1434.91666666667,3.048
"135","BENI_1251-79_B",2018,"BENI","Betula","nigra","Betula nigra","River birch","1251-79*B",156,156,122,157,157,NA,144,156,162,272,70.8,"12-20-1979",150,116,665.369444444444,271.027777777778,2630.55277777778,2359.525,1965.18333333333,352.138888888889,114.169444444444,1739.34722222222,1625.17777777778,1387.20833333333,1625.17777777778,4.2037
"137","BENI_1251-79_B",2021,"BENI","Betula","nigra","Betula nigra","River birch","1251-79*B",154,122,122,114,116,116,148,NA,NA,261,70.8,"12-20-1979",139,107,617.333333333333,293.333333333333,2411.02777777778,2117.69444444444,1793.69444444444,322.5,135.305555555556,1581.63888888889,1446.33333333333,1259.13888888889,1446.33333333333,2.1336
"139","BENI_1251-79_B",2022,"BENI","Betula","nigra","Betula nigra","River birch","1251-79*B",113,125,125,113,125,125,147,158,158,238,70.8,"12-20-1979",113,125,270.583333333333,331.583333333333,2182.16666666667,1850.58333333333,1911.58333333333,113.333333333333,137.222222222222,1435.36111111111,1298.13888888889,1322.02777777778,1298.13888888889,2.5527
"141","BENI_1251-79_B",2023,"BENI","Betula","nigra","Betula nigra","River birch","1251-79*B",104,117,108,101,104,112,139,159,159,231,70.8,"12-20-1979",123,127,242.75,267.722222222222,1924.25,1656.52777777778,1681.5,91.6388888888889,99.8333333333333,1206.66666666667,1106.83333333333,1115.02777777778,1106.83333333333,3.5433
"143","BENI_1251-79_B",2024,"BENI","Betula","nigra","Betula nigra","River birch","1251-79*B",121,121,121,111,117,NA,NA,NA,NA,257,70.8,"12-20-1979",136,136,267.527777777778,267.527777777778,2373.80555555555,2106.27777777778,2106.27777777778,106.694444444444,106.694444444444,1551.19444444444,1444.5,1444.5,1444.5,1.9304
"145","CAGL_20098_A",2016,"CAGL","Carya","glabra","Carya glabra","Pignut hickory","20098*A",118,122,118,122,NA,NA,150,NA,NA,NA,62.9,"07-01-1883",NA,NA,310.275,310.275,NA,NA,NA,137.736111111111,137.736111111111,NA,NA,NA,1677.84166666667,1.2954
"147","CAGL_20098_A",2018,"CAGL","Carya","glabra","Carya glabra","Pignut hickory","20098*A",118,131,122,131,NA,NA,193,279,288,258,62.9,"07-01-1883",136,140,237.494444444444,271.027777777778,2454.33611111111,2183.30833333333,2216.84166666667,93.475,114.169444444444,1631.10555555556,1516.93611111111,1537.63055555556,1543.11666666667,1.778
"149","CAGL_20098_A",2019,"CAGL","Carya","glabra","Carya glabra","Pignut hickory","20098*A",108,162,111,139,NA,NA,236,NA,287,253,62.9,"07-01-1883",142,145,188.194444444444,228.5,2237.02777777778,2008.52777777778,2048.83333333333,76.5666666666667,101.872222222222,1453.25,1351.37777777778,1376.68333333333,1351.37777777778,2.1463
"151","CAGL_20098_A",2020,"CAGL","Carya","glabra","Carya glabra","Pignut hickory","20098*A",125,156,127,127,141,NA,262,262,259,259,62.9,"07-01-1883",132,134,290.027777777778,298.25,2410.83333333333,2112.58333333333,2120.80555555555,107.444444444444,110.666666666667,1606.86111111111,1496.19444444444,1499.41666666667,1491.58333333333,1.4986
"153","CAGL_20098_A",2021,"CAGL","Carya","glabra","Carya glabra","Pignut hickory","20098*A",113,120,115,131,131,NA,146,NA,NA,NA,62.9,"07-01-1883",NA,NA,231.972222222222,245.944444444444,NA,NA,NA,104.972222222222,111.861111111111,NA,NA,NA,1397.36111111111,1.3462
"155","CAGL_20098_A",2022,"CAGL","Carya","glabra","Carya glabra","Pignut hickory","20098*A",114,116,116,126,NA,NA,NA,NA,NA,251,62.9,"07-01-1883",135,137,273.138888888889,282.083333333333,2385.38888888889,2103.30555555556,2112.25,113.333333333333,116.083333333333,1573.58333333333,1457.5,1460.25,1457.5,0.9144
"157","CAGL_20098_A",2023,"CAGL","Carya","glabra","Carya glabra","Pignut hickory","20098*A",104,129,112,NA,NA,NA,NA,NA,NA,NA,62.9,"07-01-1883",NA,NA,242.75,283.527777777778,NA,NA,NA,91.6388888888889,104.611111111111,NA,NA,NA,NA,0.9652
"159","CAGL_2019_R",2016,"CAGL","Carya","glabra","Carya glabra","Pignut hickory","2019*R",118,124,122,118,143,144,150,230,230,285,47.6,"10-19-1883",163,167,310.275,327.430555555556,2768.725,2441.29444444444,2458.45,137.736111111111,144.763888888889,1815.57777777778,1670.81388888889,1677.84166666667,1670.81388888889,1.8415
"161","CAGL_2019_R",2018,"CAGL","Carya","glabra","Carya glabra","Pignut hickory","2019*R",118,131,122,131,NA,NA,239,279,288,273,47.6,"10-19-1883",151,155,237.494444444444,271.027777777778,2639.63611111111,2368.60833333333,2402.14166666667,93.475,114.169444444444,1744.68333333333,1630.51388888889,1651.20833333333,1543.11666666667,1.2573
"163","CAGL_2019_R",2019,"CAGL","Carya","glabra","Carya glabra","Pignut hickory","2019*R",108,115,111,139,NA,NA,208,NA,287,251,47.6,"10-19-1883",140,143,188.194444444444,228.5,2212.11111111111,1983.61111111111,2023.91666666667,76.5666666666667,101.872222222222,1438.33333333333,1336.46111111111,1361.76666666667,1351.37777777778,1.1176
"165","CAGL_2019_R",2020,"CAGL","Carya","glabra","Carya glabra","Pignut hickory","2019*R",124,138,126,126,134,NA,156,262,259,260,47.6,"10-19-1883",134,136,280.722222222222,294.888888888889,2422.52777777778,2127.63888888889,2141.80555555555,102.083333333333,109.805555555556,1613.61111111111,1503.80555555555,1511.52777777778,1492.44444444444,1.3462
"167","CAGL_2019_R",2021,"CAGL","Carya","glabra","Carya glabra","Pignut hickory","2019*R",113,120,113,131,131,NA,146,NA,NA,265,47.6,"10-19-1883",152,152,231.972222222222,231.972222222222,2462.83333333333,2230.86111111111,2230.86111111111,104.972222222222,104.972222222222,1613.63888888889,1508.66666666667,1508.66666666667,1404.25,1.1557
"169","CAGL_2019_R",2022,"CAGL","Carya","glabra","Carya glabra","Pignut hickory","2019*R",114,119,119,126,NA,NA,146,NA,NA,NA,47.6,"10-19-1883",NA,NA,273.138888888889,293.138888888889,NA,NA,NA,113.333333333333,119.638888888889,NA,NA,NA,1453.94444444444,0.8509
"171","CAGL_2019_R",2023,"CAGL","Carya","glabra","Carya glabra","Pignut hickory","2019*R",104,129,112,118,NA,NA,NA,NA,NA,NA,47.6,"10-19-1883",NA,NA,242.75,283.527777777778,NA,NA,NA,91.6388888888889,104.611111111111,NA,NA,NA,NA,0.8509
"173","CAGL_2019_R",2024,"CAGL","Carya","glabra","Carya glabra","Pignut hickory","2019*R",119,119,119,128,NA,NA,147,NA,NA,NA,47.6,"10-19-1883",NA,NA,249.444444444444,249.444444444444,NA,NA,NA,97.3055555555555,97.3055555555555,NA,NA,NA,NA,1.143
"175","CAGL_2019_S",2016,"CAGL","Carya","glabra","Carya glabra","Pignut hickory","2019*S",122,125,122,130,NA,149,150,NA,NA,285,67.4,"10-19-1883",163,163,327.430555555556,327.430555555556,2768.725,2441.29444444444,2441.29444444444,144.763888888889,144.763888888889,1815.57777777778,1670.81388888889,1670.81388888889,1670.81388888889,1.3843
"177","CAGL_2019_S",2019,"CAGL","Carya","glabra","Carya glabra","Pignut hickory","2019*S",108,115,115,139,NA,NA,236,NA,287,260,67.4,"10-19-1883",145,152,188.194444444444,253.602777777778,2321.825,2068.22222222222,2133.63055555556,76.5666666666667,112.269444444445,1506.08888888889,1393.81944444445,1429.52222222222,1340.98055555556,1.7018
"179","CAGL_2019_S",2020,"CAGL","Carya","glabra","Carya glabra","Pignut hickory","2019*S",125,156,127,127,144,NA,168,224,220,251,67.4,"10-19-1883",124,126,290.027777777778,298.25,2300.88888888889,2002.63888888889,2010.86111111111,107.444444444444,110.666666666667,1534.91666666667,1424.25,1427.47222222222,1491.58333333333,1.3843
"181","CAGL_2019_S",2021,"CAGL","Carya","glabra","Carya glabra","Pignut hickory","2019*S",118,126,123,126,131,NA,152,270,270,243,67.4,"10-19-1883",120,125,265.916666666667,302.277777777778,2146.86111111111,1844.58333333333,1880.94444444444,121.5,139.611111111111,1407.47222222222,1267.86111111111,1285.97222222222,1369.61111111111,1.7526
"183","CAGL_2019_S",2022,"CAGL","Carya","glabra","Carya glabra","Pignut hickory","2019*S",114,116,116,126,136,NA,NA,NA,NA,251,67.4,"10-19-1883",135,137,273.138888888889,282.083333333333,2385.38888888889,2103.30555555556,2112.25,113.333333333333,116.083333333333,1573.58333333333,1457.5,1460.25,1457.5,1.3335
"185","CAGL_2019_S",2023,"CAGL","Carya","glabra","Carya glabra","Pignut hickory","2019*S",104,129,112,NA,NA,NA,NA,NA,NA,NA,67.4,"10-19-1883",NA,NA,242.75,283.527777777778,NA,NA,NA,91.6388888888889,104.611111111111,NA,NA,NA,NA,0.8382
"187","CAGL_6990_A",2016,"CAGL","Carya","glabra","Carya glabra","Pignut hickory","6990*A",110,122,118,NA,NA,NA,166,NA,NA,NA,45.7,"12-29-1909",NA,NA,250.702777777778,310.275,NA,NA,NA,104.172222222222,137.736111111111,NA,NA,NA,1677.84166666667,1.4986
"188","CAGL_6990_A",2018,"CAGL","Carya","glabra","Carya glabra","Pignut hickory","6990*A",119,131,122,NA,NA,NA,153,279,288,249,45.7,"12-29-1909",127,130,243.377777777778,271.027777777778,2333.45555555556,2062.42777777778,2090.07777777778,96.4083333333333,114.169444444444,1555.225,1441.05555555556,1458.81666666667,1543.11666666667,1.3716
"189","CAGL_6990_A",2019,"CAGL","Carya","glabra","Carya glabra","Pignut hickory","6990*A",108,111,162,132,NA,NA,248,NA,287,251,45.7,"12-29-1909",89,143,188.194444444444,681.247222222222,2212.11111111111,1530.86388888889,2023.91666666667,76.5666666666667,352.297222222222,1438.33333333333,1086.03611111111,1361.76666666667,1100.95277777778,1.3208
"190","CAGL_6990_A",2020,"CAGL","Carya","glabra","Carya glabra","Pignut hickory","6990*A",119,141,127,NA,NA,NA,220,NA,220,262,45.7,"12-29-1909",135,143,238.388888888889,298.25,2446.5,2148.25,2208.11111111111,79.6944444444445,110.666666666667,1627.69444444444,1517.02777777778,1548,1491.58333333333,1.2954
"191","CAGL_6990_A",2022,"CAGL","Carya","glabra","Carya glabra","Pignut hickory","6990*A",112,116,116,126,NA,NA,NA,NA,NA,NA,45.7,"12-29-1909",NA,NA,263.222222222222,282.083333333333,NA,NA,NA,109.472222222222,116.083333333333,NA,NA,NA,1457.5,1.1684
"192","CAGL_6990_A",2023,"CAGL","Carya","glabra","Carya glabra","Pignut hickory","6990*A",104,112,104,NA,NA,NA,137,NA,NA,NA,45.7,"12-29-1909",NA,NA,242.75,242.75,NA,NA,NA,91.6388888888889,91.6388888888889,NA,NA,NA,NA,1.778
"193","CAOV_12907_B",2016,"CAOV","Carya","ovata","Carya ovata","Shagbark hickory","12907*B",130,132,131,142,NA,NA,150,NA,NA,284,54.8,"10-18-1883",153,154,361.85,370.366666666667,2762.05277777778,2391.68611111111,2400.20277777778,154.258333333333,160.275,1811.40555555556,1651.13055555556,1657.14722222222,1639.61666666667,0.7493
"195","CAOV_12907_B",2017,"CAOV","Carya","ovata","Carya ovata","Shagbark hickory","12907*B",105,124,118,151,139,NA,300,278,251,285,54.8,"10-18-1883",167,180,210.533333333333,306.980555555556,2663.82777777778,2356.84722222222,2453.29444444444,89.3694444444444,140.880555555556,1708.97222222222,1568.09166666667,1619.60277777778,1509.02777777778,0.8382
"197","CAOV_12907_B",2020,"CAOV","Carya","ovata","Carya ovata","Shagbark hickory","12907*B",125,140,134,140,146,NA,207,259,259,276,54.8,"10-18-1883",142,151,290.027777777778,332.361111111111,2613.44444444444,2281.08333333333,2323.41666666667,107.444444444444,127.888888888889,1734.80555555555,1606.91666666667,1627.36111111111,1521.61111111111,0.9271
"199","CAOV_12907_D",2016,"CAOV","Carya","ovata","Carya ovata","Shagbark hickory","12907*D",130,NA,132,143,NA,NA,NA,NA,NA,284,51.8,"10-18-1883",152,154,361.85,381.222222222222,2762.05277777778,2380.83055555555,2400.20277777778,154.258333333333,167.977777777778,1811.40555555556,1643.42777777778,1657.14722222222,1631.91388888889,0.9144
"201","CAOV_12907_D",2017,"CAOV","Carya","ovata","Carya ovata","Shagbark hickory","12907*D",129,118,118,151,139,NA,172,267,251,264,51.8,"10-18-1883",146,135,386.147222222222,306.980555555556,2389.78333333333,2082.80277777778,2003.63611111111,180.613888888889,140.880555555556,1530.05,1389.16944444445,1349.43611111111,1509.02777777778,0.8509
"203","CAOV_12907_D",2018,"CAOV","Carya","ovata","Carya ovata","Shagbark hickory","12907*D",118,125,125,144,144,NA,272,279,279,272,51.8,"10-18-1883",147,154,237.494444444444,324.438888888889,2630.55277777778,2306.11388888889,2393.05833333333,93.475,152.580555555556,1739.34722222222,1586.76666666667,1645.87222222222,1586.76666666667,0.8636
"205","CAOV_12907_D",2019,"CAOV","Carya","ovata","Carya ovata","Shagbark hickory","12907*D",108,142,124,133,NA,NA,297,297,282,260,51.8,"10-18-1883",136,152,188.194444444444,290.016666666667,2321.825,2031.80833333333,2133.63055555556,76.5666666666667,123.430555555556,1506.08888888889,1382.65833333333,1429.52222222222,1382.65833333333,1.1303
"207","CAOV_12907_D",2020,"CAOV","Carya","ovata","Carya ovata","Shagbark hickory","12907*D",125,140,134,141,NA,NA,207,259,259,276,51.8,"10-18-1883",142,151,290.027777777778,332.361111111111,2613.44444444444,2281.08333333333,2323.41666666667,107.444444444444,127.888888888889,1734.80555555555,1606.91666666667,1627.36111111111,1521.61111111111,1.2827
"209","CAOV_12907_G",2016,"CAOV","Carya","ovata","Carya ovata","Shagbark hickory","12907*G",110,132,127,134,142,144,200,NA,NA,278,59.5,"10-18-1883",151,168,250.702777777778,343.369444444445,2712.38333333333,2369.01388888889,2461.68055555555,104.172222222222,145.972222222222,1783.31944444445,1637.34722222222,1679.14722222222,1653.91944444445,1.4605
"211","CAOV_12907_G",2018,"CAOV","Carya","ovata","Carya ovata","Shagbark hickory","12907*G",122,170,125,125,131,NA,263,279,279,272,59.5,"10-18-1883",147,150,271.027777777778,324.438888888889,2630.55277777778,2306.11388888889,2359.525,114.169444444444,152.580555555556,1739.34722222222,1586.76666666667,1625.17777777778,1586.76666666667,1.4224
"213","CAOV_12907_G",2019,"CAOV","Carya","ovata","Carya ovata","Shagbark hickory","12907*G",108,124,196,152,153,NA,297,297,282,260,59.5,"10-18-1883",64,152,188.194444444444,1259.72777777778,2321.825,1062.09722222222,2133.63055555556,76.5666666666667,760.777777777778,1506.08888888889,745.311111111112,1429.52222222222,745.311111111112,1.8415
"215","CAOV_12907_G",2020,"CAOV","Carya","ovata","Carya ovata","Shagbark hickory","12907*G",125,140,129,136,146,NA,207,259,259,262,59.5,"10-18-1883",133,137,290.027777777778,309.111111111111,2446.5,2137.38888888889,2156.47222222222,107.444444444444,116.472222222222,1627.69444444444,1511.22222222222,1520.25,1533.02777777778,1.6764
"216","CAOV_12907_G",2021,"CAOV","Carya","ovata","Carya ovata","Shagbark hickory","12907*G",115,NA,124,NA,NA,NA,NA,NA,NA,NA,59.5,"10-18-1883",NA,NA,245.944444444444,307.333333333333,NA,NA,NA,111.861111111111,140.722222222222,NA,NA,NA,1520.19444444444,2.1844
"217","CAOV_12907_G",2022,"CAOV","Carya","ovata","Carya ovata","Shagbark hickory","12907*G",116,126,126,131,136,NA,147,NA,NA,258,59.5,"10-18-1883",132,142,282.083333333333,340.166666666667,2491.63888888889,2151.47222222222,2209.55555555555,116.083333333333,141.111111111111,1645.58333333333,1504.47222222222,1529.5,1589.77777777778,1.2954
"218","CAOV_12907_I",2016,"CAOV","Carya","ovata","Carya ovata","Shagbark hickory","12907*I",130,142,132,143,NA,NA,NA,NA,NA,278,51,"10-18-1883",146,148,361.85,381.222222222222,2712.38333333333,2331.16111111111,2350.53333333333,154.258333333333,167.977777777778,1783.31944444445,1615.34166666667,1629.06111111111,1631.91388888889,1.1557
"220","CAOV_12907_I",2017,"CAOV","Carya","ovata","Carya ovata","Shagbark hickory","12907*I",129,118,183,151,133,NA,270,270,247,285,51,"10-18-1883",102,156,386.147222222222,1091.17222222222,2663.82777777778,1572.65555555555,2277.68055555556,180.613888888889,634.305555555556,1708.97222222222,1074.66666666667,1528.35833333333,1015.60277777778,0.9652
"222","CAOV_12907_I",2018,"CAOV","Carya","ovata","Carya ovata","Shagbark hickory","12907*I",118,125,125,125,NA,NA,282,272,279,272,51,"10-18-1883",147,154,237.494444444444,324.438888888889,2630.55277777778,2306.11388888889,2393.05833333333,93.475,152.580555555556,1739.34722222222,1586.76666666667,1645.87222222222,1586.76666666667,1.397
"224","CAOV_12907_I",2019,"CAOV","Carya","ovata","Carya ovata","Shagbark hickory","12907*I",115,124,124,119,142,152,226,248,264,260,51,"10-18-1883",136,145,253.602777777778,290.016666666667,2321.825,2031.80833333333,2068.22222222222,112.269444444445,123.430555555556,1506.08888888889,1382.65833333333,1393.81944444445,1382.65833333333,1.1811
"226","CAOV_12907_I",2020,"CAOV","Carya","ovata","Carya ovata","Shagbark hickory","12907*I",140,140,136,NA,NA,NA,207,NA,260,250,51,"10-18-1883",114,110,384.388888888889,354.388888888889,2283.94444444444,1929.55555555555,1899.55555555555,156.611111111111,142.416666666667,1522.97222222222,1380.55555555556,1366.36111111111,1507.08333333333,1.524
"228","CAOV_12907_I",2021,"CAOV","Carya","ovata","Carya ovata","Shagbark hickory","12907*I",115,NA,124,NA,NA,NA,NA,NA,261,270,51,"10-18-1883",146,155,245.944444444444,307.333333333333,2535.11111111111,2227.77777777778,2289.16666666667,111.861111111111,140.722222222222,1660.91666666667,1520.19444444444,1549.05555555556,1520.19444444444,1.1303
"230","CAOV_12907_N",2016,"CAOV","Carya","ovata","Carya ovata","Shagbark hickory","12907*N",125,143,132,143,150,149,150,236,NA,285,61.2,"10-18-1883",153,160,336.738888888889,381.222222222222,2768.725,2387.50277777778,2431.98611111111,144.972222222222,167.977777777778,1815.57777777778,1647.6,1670.60555555556,1631.91388888889,1.1176
"232","CAOV_12907_N",2018,"CAOV","Carya","ovata","Carya ovata","Shagbark hickory","12907*N",118,125,125,125,144,146,156,272,272,274,61.2,"10-18-1883",149,156,237.494444444444,324.438888888889,2649.38611111111,2324.94722222222,2411.89166666667,93.475,152.580555555556,1749.43333333333,1596.85277777778,1655.95833333333,1586.76666666667,1.016
"234","CAOV_12907_N",2019,"CAOV","Carya","ovata","Carya ovata","Shagbark hickory","12907*N",108,124,124,151,142,NA,297,297,282,260,61.2,"10-18-1883",136,152,188.194444444444,290.016666666667,2321.825,2031.80833333333,2133.63055555556,76.5666666666667,123.430555555556,1506.08888888889,1382.65833333333,1429.52222222222,1382.65833333333,1.0668
"236","CAOV_12907_N",2020,"CAOV","Carya","ovata","Carya ovata","Shagbark hickory","12907*N",125,138,134,129,146,149,167,259,253,273,61.2,"10-18-1883",139,148,290.027777777778,332.361111111111,2579.38888888889,2247.02777777778,2289.36111111111,107.444444444444,127.888888888889,1714.55555555555,1586.66666666667,1607.11111111111,1521.61111111111,1.0287
"238","CAOV_12907_N",2022,"CAOV","Carya","ovata","Carya ovata","Shagbark hickory","12907*N",114,126,126,129,136,NA,152,NA,NA,286,61.2,"10-18-1883",160,172,273.138888888889,340.166666666667,2755.41666666667,2415.25,2482.27777777778,113.333333333333,141.111111111111,1789.5,1648.38888888889,1676.16666666667,1589.77777777778,0.9271
"240","PODE_16611_F",2017,"PODE","Populus","deltoides","Populus deltoides","Eastern cottonwood","16611*F",107,124,124,109,NA,NA,125,143,161,250,93.9,"08-15-1895",126,143,239.694444444445,355.761111111111,2181.93888888889,1826.17777777778,1942.24444444444,108.530555555556,168.916666666667,1392.20555555556,1223.28888888889,1283.675,1173.39166666667,1.2065
"242","PODE_16611_F",2018,"PODE","Populus","deltoides","Populus deltoides","Eastern cottonwood","16611*F",117,124,124,124,NA,NA,147,NA,148,270,93.9,"08-15-1895",146,153,226.783333333333,310.475,2611.21666666667,2300.74166666667,2384.43333333333,86.75,143.616666666667,1729.79166666667,1586.175,1643.04166666667,1578.67777777778,1.6129
"244","PODE_16611_F",2019,"PODE","Populus","deltoides","Populus deltoides","Eastern cottonwood","16611*F",123,209,248,NA,NA,NA,152,NA,NA,260,93.9,"08-15-1895",12,137,284.333333333333,2176.25277777778,2321.825,145.572222222223,2037.49166666667,122.044444444445,1417.475,1506.08888888889,88.6138888888888,1384.04444444445,-40.1805555555559,1.1049
"246","PODE_16611_F",2021,"PODE","Populus","deltoides","Populus deltoides","Eastern cottonwood","16611*F",120,123,123,103,109,NA,123,145,145,278,93.9,"08-15-1895",155,158,276.666666666667,302.277777777778,2605.58333333333,2303.30555555555,2328.91666666667,125.25,139.611111111111,1696.44444444444,1556.83333333333,1571.19444444444,1414,1.1938
"248","PODE_16611_F",2022,"PODE","Populus","deltoides","Populus deltoides","Eastern cottonwood","16611*F",117,128,127,108,117,NA,128,148,148,269,93.9,"08-15-1895",142,152,286.083333333333,344.25,2609.86111111111,2265.61111111111,2323.77777777778,117.583333333333,141.555555555556,1714.44444444444,1572.88888888889,1596.86111111111,1572.88888888889,0.8128
"250","PODE_16611_J",2017,"PODE","Populus","deltoides","Populus deltoides","Eastern cottonwood","16611*J",107,124,124,109,109,NA,139,NA,NA,231,71,"08-15-1895",107,124,239.694444444445,355.761111111111,1912.05,1556.28888888889,1672.35555555556,108.530555555556,168.916666666667,1215.18333333333,1046.26666666667,1106.65277777778,1173.39166666667,1.4732
"252","PODE_16611_J",2018,"PODE","Populus","deltoides","Populus deltoides","Eastern cottonwood","16611*J",117,124,124,124,NA,NA,147,NA,NA,269,71,"08-15-1895",145,152,226.783333333333,310.475,2598.71944444444,2288.24444444444,2371.93611111111,86.75,143.616666666667,1722.29444444444,1578.67777777778,1635.54444444444,1578.67777777778,1.4986
"254","PODE_16611_J",2021,"PODE","Populus","deltoides","Populus deltoides","Eastern cottonwood","16611*J",123,125,125,NA,113,NA,123,NA,153,257,71,"08-15-1895",132,134,302.277777777778,310.944444444444,2348.80555555556,2037.86111111111,2046.52777777778,139.611111111111,140.722222222222,1539.41666666667,1398.69444444444,1399.80555555556,1412.88888888889,2.2479
"256","PODE_16611_J",2022,"PODE","Populus","deltoides","Populus deltoides","Eastern cottonwood","16611*J",117,127,127,108,NA,NA,127,NA,NA,NA,71,"08-15-1895",NA,NA,286.083333333333,344.25,NA,NA,NA,117.583333333333,141.555555555556,NA,NA,NA,1572.88888888889,1.2319
"258","PODE_16611_K",2017,"PODE","Populus","deltoides","Populus deltoides","Eastern cottonwood","16611*K",107,124,124,109,109,NA,124,161,161,270,81.5,"08-15-1895",146,163,239.694444444445,355.761111111111,2490.41388888889,2134.65277777778,2250.71944444444,108.530555555556,168.916666666667,1600.68055555556,1431.76388888889,1492.15,1173.39166666667,2.413
"260","PODE_16611_K",2018,"PODE","Populus","deltoides","Populus deltoides","Eastern cottonwood","16611*K",117,NA,129,124,NA,NA,147,154,159,269,81.5,"08-15-1895",140,152,226.783333333333,361.197222222222,2598.71944444444,2237.52222222222,2371.93611111111,86.75,172.261111111111,1722.29444444444,1550.03333333333,1635.54444444444,1550.03333333333,2.6543
"262","PODE_16611_K",2021,"PODE","Populus","deltoides","Populus deltoides","Eastern cottonwood","16611*K",123,125,125,103,113,NA,123,153,153,257,81.5,"08-15-1895",132,134,302.277777777778,310.944444444444,2348.80555555556,2037.86111111111,2046.52777777778,139.611111111111,140.722222222222,1539.41666666667,1398.69444444444,1399.80555555556,1412.88888888889,1.4605
"264","PODE_16611_K",2022,"PODE","Populus","deltoides","Populus deltoides","Eastern cottonwood","16611*K",128,130,130,108,114,NA,128,152,NA,NA,81.5,"08-15-1895",NA,NA,347.583333333333,357.333333333333,NA,NA,NA,142.194444444445,145.555555555556,NA,NA,NA,1568.88888888889,1.6891
"266","PODE_22099_A",2017,"PODE","Populus","deltoides","Populus deltoides","Eastern cottonwood","22099*A",102,126,147,109,109,NA,NA,NA,NA,231,58,"07-01-1911",84,129,192.547222222222,553.763888888889,1912.05,1358.28611111111,1719.50277777778,78.8833333333333,271.719444444444,1215.18333333333,943.46388888889,1136.3,1070.58888888889,1.0668
"268","PODE_22099_A",2019,"PODE","Populus","deltoides","Populus deltoides","Eastern cottonwood","22099*A",123,128,248,104,NA,NA,NA,NA,NA,229,58,"07-01-1911",-19,106,284.333333333333,2176.25277777778,1869.02222222222,-307.230555555556,1584.68888888889,122.044444444445,1417.475,1205.07222222222,-212.402777777778,1083.02777777778,-40.1805555555559,1.3208
"270","PODE_22099_A",2021,"PODE","Populus","deltoides","Populus deltoides","Eastern cottonwood","22099*A",123,123,123,99,113,NA,NA,NA,NA,243,58,"07-01-1911",120,120,302.277777777778,302.277777777778,2146.86111111111,1844.58333333333,1844.58333333333,139.611111111111,139.611111111111,1407.47222222222,1267.86111111111,1267.86111111111,1414,1.27
"272","PODE_22099_A",2022,"PODE","Populus","deltoides","Populus deltoides","Eastern cottonwood","22099*A",123,128,128,105,114,114,NA,NA,NA,269,58,"07-01-1911",141,146,316.333333333333,347.583333333333,2609.86111111111,2262.27777777778,2293.52777777778,130.777777777778,142.194444444445,1714.44444444444,1572.25,1583.66666666667,1572.25,0.9525
"274","PODE_22099_A",2024,"PODE","Populus","deltoides","Populus deltoides","Eastern cottonwood","22099*A",120,120,120,105,112,112,NA,NA,NA,245,58,"07-01-1911",125,125,260.722222222222,260.722222222222,2211.75,1951.02777777778,1951.02777777778,103.583333333333,103.583333333333,1448.69444444444,1345.11111111111,1345.11111111111,1345.11111111111,1.397
"276","QUAL_21815_E",2019,"QUAL","Quercus","alba","Quercus alba","White oak","21815*E",117,126,127,NA,NA,NA,183,NA,NA,268,73.3,"07-01-1931",141,151,260.283333333333,309.558333333334,2428.66944444445,2119.11111111111,2168.38611111111,113.402777777778,133.494444444445,1578.60555555556,1445.11111111111,1465.20277777778,1482.94444444445,2.4892
"278","QUAL_227-2011_A",2019,"QUAL","Quercus","alba","Quercus alba","White oak","227-2011*A",117,126,127,NA,NA,NA,NA,NA,NA,268,66.1,"07-26-2011",141,151,260.283333333333,309.558333333334,2428.66944444445,2119.11111111111,2168.38611111111,113.402777777778,133.494444444445,1578.60555555556,1445.11111111111,1465.20277777778,1482.94444444445,1.016
"280","QUAL_22886_D",2017,"QUAL","Quercus","alba","Quercus alba","White oak","22886*D",110,131,119,127,127,NA,NA,NA,288,257,87.2,"07-01-1950",138,147,251.691666666667,324.725,2280.23055555556,1955.50555555556,2028.53888888889,112.425,153.625,1455.49722222222,1301.87222222222,1343.07222222222,1496.28333333333,1.7907
"282","QUAL_22886_D",2019,"QUAL","Quercus","alba","Quercus alba","White oak","22886*D",117,126,127,126,NA,NA,NA,NA,NA,260,87.2,"07-01-1950",133,143,260.283333333333,309.558333333334,2321.825,2012.26666666667,2061.54166666667,113.402777777778,133.494444444445,1506.08888888889,1372.59444444445,1392.68611111111,1482.94444444445,1.8415
"284","QUAL_358-82_A",2017,"QUAL","Quercus","alba","Quercus alba","White oak","358-82*A",117,124,124,NA,NA,NA,266,266,264,291,38.4,"03-25-1982",167,174,290.847222222222,355.761111111111,2718.70555555556,2362.94444444444,2427.85833333333,129.747222222222,168.916666666667,1742.33055555556,1573.41388888889,1612.58333333333,1480.99166666667,6.0325
"286","QUAL_358-82_A",2018,"QUAL","Quercus","alba","Quercus alba","White oak","358-82*A",122,126,123,131,NA,NA,NA,NA,274,282,38.4,"03-25-1982",159,160,271.027777777778,291.277777777778,2732.31666666667,2441.03888888889,2461.28888888889,114.169444444444,129.419444444444,1795.96666666667,1666.54722222222,1681.79722222222,1666.54722222222,4.7498
"288","QUAL_358-82_A",2019,"QUAL","Quercus","alba","Quercus alba","White oak","358-82*A",111,126,127,129,NA,NA,NA,NA,NA,286,38.4,"03-25-1982",159,175,228.5,309.558333333334,2602.28333333333,2292.725,2373.78333333333,101.872222222222,133.494444444445,1671.61666666667,1538.12222222222,1569.74444444444,1482.94444444445,6.0706
"290","QUAL_358-82_A",2024,"QUAL","Quercus","alba","Quercus alba","White oak","358-82*A",121,128,128,NA,NA,NA,NA,NA,NA,277,38.4,"03-25-1982",149,156,267.527777777778,321.833333333333,2615.69444444444,2293.86111111111,2348.16666666666,106.694444444444,133.833333333333,1694.05555555556,1560.22222222222,1587.36111111111,1560.22222222222,4.6101
"292","QUAL_611-2010_A",2017,"QUAL","Quercus","alba","Quercus alba","White oak","611-2010*A",117,120,120,NA,NA,NA,260,260,260,288,75.7,"11-15-2010",168,171,290.847222222222,332.116666666667,2696.12777777778,2364.01111111111,2405.28055555556,129.747222222222,157.522222222222,1728.77222222222,1571.25,1599.025,1492.38611111111,1.3081
"294","QUAL_611-2010_A",2019,"QUAL","Quercus","alba","Quercus alba","White oak","611-2010*A",113,209,248,NA,NA,NA,NA,NA,248,287,75.7,"11-15-2010",39,174,240.661111111111,2176.25277777778,2611.86666666667,435.613888888889,2371.20555555556,105.738888888889,1417.475,1677.20277777778,259.727777777777,1571.46388888889,198.963888888889,1.1049
"296","QUAL_611-2010_A",2021,"QUAL","Quercus","alba","Quercus alba","White oak","611-2010*A",113,117,117,NA,NA,NA,NA,NA,NA,289,75.7,"11-15-2010",172,176,231.972222222222,258.472222222222,2740.27777777778,2481.80555555555,2508.30555555555,104.972222222222,118.5,1776.33333333333,1657.83333333333,1671.36111111111,1657.83333333333,1.7145
"298","QUAL_611-2010_A",2022,"QUAL","Quercus","alba","Quercus alba","White oak","611-2010*A",117,128,128,NA,NA,NA,NA,NA,NA,281,75.7,"11-15-2010",153,164,286.083333333333,347.583333333333,2713.25,2365.66666666667,2427.16666666667,117.583333333333,142.194444444445,1764.08333333333,1621.88888888889,1646.5,1621.88888888889,1.3335
"300","QUAL_611-2010_A",2024,"QUAL","Quercus","alba","Quercus alba","White oak","611-2010*A",116,123,123,NA,NA,NA,NA,NA,NA,277,75.7,"11-15-2010",154,161,230.111111111111,282.222222222222,2615.69444444444,2333.47222222222,2385.58333333333,86.1666666666666,114.083333333333,1694.05555555556,1579.97222222222,1607.88888888889,1579.97222222222,1.3208
"302","QURU_11253_A",2018,"QURU","Quercus","rubra","Quercus rubra","Northern red oak","11253*A",122,125,125,128,130,131,NA,NA,NA,282,69.5,"01-13-1917",157,160,271.027777777778,324.438888888889,2732.31666666667,2407.87777777778,2461.28888888889,114.169444444444,152.580555555556,1795.96666666667,1643.38611111111,1681.79722222222,1601.51944444444,1.9939
"304","QURU_11253_A",2019,"QURU","Quercus","rubra","Quercus rubra","Northern red oak","11253*A",110,128,128,126,NA,NA,190,260,NA,260,69.5,"01-13-1917",132,150,216.791666666667,317.994444444445,2321.825,2003.83055555556,2105.03333333333,95.163888888889,137.486111111111,1506.08888888889,1368.60277777778,1410.925,1376.64722222222,2.0193
"306","QURU_5859_A",2017,"QURU","Quercus","rubra","Quercus rubra","Northern red oak","5859*A",121,124,117,NA,NA,NA,NA,NA,NA,272,80.7,"09-02-1908",155,151,335.458333333333,290.847222222222,2513.30277777778,2222.45555555555,2177.84444444444,157.522222222222,129.747222222222,1614.47222222222,1484.725,1456.95,1484.725,1.8796
"308","QURU_5859_A",2018,"QURU","Quercus","rubra","Quercus rubra","Northern red oak","5859*A",122,122,122,136,135,NA,NA,NA,NA,264,80.7,"09-02-1908",142,142,271.027777777778,271.027777777778,2543.375,2272.34722222222,2272.34722222222,114.169444444444,114.169444444444,1690.14444444444,1575.975,1575.975,1639.93055555556,1.7653
"310","QURU_5859_A",2019,"QURU","Quercus","rubra","Quercus rubra","Northern red oak","5859*A",107,113,113,121,NA,NA,NA,NA,NA,260,80.7,"09-02-1908",147,153,182.938888888889,240.661111111111,2321.825,2081.16388888889,2138.88611111111,73.8111111111112,105.738888888889,1506.08888888889,1400.35,1432.27777777778,1408.39444444445,1.8542
"312","QURU_5859_B",2017,"QURU","Quercus","rubra","Quercus rubra","Northern red oak","5859*B",110,113,113,NA,NA,NA,NA,NA,NA,272,92.6,"09-02-1908",159,162,251.691666666667,261.322222222222,2513.30277777778,2251.98055555555,2261.61111111111,112.425,116.202777777778,1614.47222222222,1498.26944444444,1502.04722222222,1498.26944444444,2.0701
"314","QURU_5859_B",2018,"QURU","Quercus","rubra","Quercus rubra","Northern red oak","5859*B",118,122,122,128,129,NA,208,NA,251,272,92.6,"09-02-1908",150,154,237.494444444444,271.027777777778,2630.55277777778,2359.525,2393.05833333333,93.475,114.169444444444,1739.34722222222,1625.17777777778,1645.87222222222,1639.93055555556,2.6162
"316","QURU_5859_B",2019,"QURU","Quercus","rubra","Quercus rubra","Northern red oak","5859*B",107,113,113,121,NA,NA,158,NA,NA,260,92.6,"09-02-1908",147,153,182.938888888889,240.661111111111,2321.825,2081.16388888889,2138.88611111111,73.8111111111112,105.738888888889,1506.08888888889,1400.35,1432.27777777778,1408.39444444445,1.8288
"318","QURU_8197_A",2018,"QURU","Quercus","rubra","Quercus rubra","Northern red oak","8197*A",122,125,123,128,130,131,260,NA,305,282,66.2,"07-01-1916",159,160,271.027777777778,291.277777777778,2732.31666666667,2441.03888888889,2461.28888888889,114.169444444444,129.419444444444,1795.96666666667,1666.54722222222,1681.79722222222,1624.68055555556,2.667
"320","QURU_8197_A",2019,"QURU","Quercus","rubra","Quercus rubra","Northern red oak","8197*A",107,128,128,129,NA,NA,NA,NA,NA,268,66.2,"07-01-1916",140,161,182.938888888889,317.994444444445,2428.66944444445,2110.675,2245.73055555556,73.8111111111112,137.486111111111,1578.60555555556,1441.11944444444,1504.79444444445,1376.64722222222,2.3495
"322","TIAM_1323-82_A",2017,"TIAM","Tilia","americana","Tilia americana","American basswood","1323-82*A",107,107,107,161,NA,NA,184,241,231,295,94.3,"10-08-1982",188,188,239.694444444445,239.694444444445,2762.82222222222,2523.12777777778,2523.12777777778,108.530555555556,108.530555555556,1769.05277777778,1660.52222222222,1660.52222222222,1438.05833333333,7.874
"324","TIAM_1323-82_A",2018,"TIAM","Tilia","americana","Tilia americana","American basswood","1323-82*A",121,124,122,141,177,NA,276,236,308,276,94.3,"10-08-1982",154,155,253.175,271.027777777778,2667.93333333333,2396.90555555556,2414.75833333333,101.316666666667,114.169444444444,1757.98055555556,1643.81111111111,1656.66388888889,1554.09722222222,8.5979
"326","TIAM_1323-82_A",2021,"TIAM","Tilia","americana","Tilia americana","American basswood","1323-82*A",110,117,117,168,NA,NA,183,NA,NA,281,94.3,"10-08-1982",164,171,218.333333333333,258.472222222222,2640.47222222222,2382,2422.13888888889,97.3333333333333,118.5,1716.52777777778,1598.02777777778,1619.19444444444,1413.22222222222,10.541
"328","TIAM_1323-82_A",2022,"TIAM","Tilia","americana","Tilia americana","American basswood","1323-82*A",106,117,210,148,176,NA,210,210,210,NA,94.3,"10-08-1982",NA,NA,236.611111111111,1638.63888888889,NA,NA,NA,99.0277777777778,1031.83333333333,NA,NA,NA,469.583333333333,9.6139
"330","TIAM_1323-82_A",2023,"TIAM","Tilia","americana","Tilia americana","American basswood","1323-82*A",94,NA,112,157,NA,NA,298,298,NA,298,94.3,"10-08-1982",186,204,164.638888888889,283.527777777778,2764.88888888889,2481.36111111111,2600.25,45.9722222222222,104.611111111111,1736.77777777778,1632.16666666667,1690.80555555556,1445.25,10.0584
"332","TIAM_1323-82_A",2024,"TIAM","Tilia","americana","Tilia americana","American basswood","1323-82*A",109,116,116,134,NA,NA,262,262,262,273,94.3,"10-08-1982",157,164,193.833333333333,230.111111111111,2575.52777777778,2345.41666666666,2381.69444444444,68.5277777777777,86.1666666666666,1672.91666666667,1586.75,1604.38888888889,1524.30555555556,6.7056
"334","TIAM_17527_D",2016,"TIAM","Tilia","americana","Tilia americana","American basswood","17527*D",105,136,115,152,189,NA,318,318,293,269,68.1,"11-15-1897",154,164,226.336111111111,294.011111111111,2627.86111111111,2333.85,2401.525,93.0361111111111,129.511111111111,1740.94166666667,1611.43055555556,1647.90555555556,1365.59166666667,1.2065
"336","TIAM_17527_D",2017,"TIAM","Tilia","americana","Tilia americana","American basswood","17527*D",106,117,107,127,173,NA,NA,NA,NA,234,68.1,"11-15-1897",127,128,227.408333333333,239.694444444445,1969.96111111111,1730.26666666667,1742.55277777778,101.244444444444,108.530555555556,1258.09444444445,1149.56388888889,1156.85,1438.05833333333,0.8509
"338","TIAM_17527_D",2020,"TIAM","Tilia","americana","Tilia americana","American basswood","17527*D",108,119,119,169,NA,NA,189,NA,NA,250,68.1,"11-15-1897",131,142,211.25,238.388888888889,2283.94444444444,2045.55555555555,2072.69444444444,71.5000000000001,79.6944444444445,1522.97222222222,1443.27777777778,1451.47222222222,1443.27777777778,0.9398
"340","TIAM_17527_D",2021,"TIAM","Tilia","americana","Tilia americana","American basswood","17527*D",108,109,109,126,NA,NA,201,211,270,211,68.1,"11-15-1897",102,103,200.972222222222,208.583333333333,1562.41666666667,1353.83333333333,1361.44444444444,85.4722222222222,90.5833333333333,983.027777777778,892.444444444444,897.555555555556,1441.13888888889,1.0541
"342","TIAM_17527_D",2022,"TIAM","Tilia","americana","Tilia americana","American basswood","17527*D",107,117,107,138,NA,NA,188,NA,NA,236,68.1,"11-15-1897",129,129,238.666666666667,238.666666666667,2141.77777777778,1903.11111111111,1903.11111111111,99.0277777777778,99.0277777777778,1404.97222222222,1305.94444444444,1305.94444444444,1402.38888888889,1.2573
"344","TIAM_17527_D",2023,"TIAM","Tilia","americana","Tilia americana","American basswood","17527*D",104,104,104,NA,NA,NA,173,235,250,231,68.1,"11-15-1897",127,127,242.75,242.75,1924.25,1681.5,1681.5,91.6388888888889,91.6388888888889,1206.66666666667,1115.02777777778,1115.02777777778,1458.22222222222,1.2827
"346","TIAM_17538_A",2017,"TIAM","Tilia","americana","Tilia americana","American basswood","17538*A",109,116,116,185,185,NA,184,224,224,270,105.9,"09-15-1906",154,161,246.361111111111,281.111111111111,2490.41388888889,2209.30277777778,2244.05277777778,110.197222222222,125.011111111111,1600.68055555556,1475.66944444444,1490.48333333333,1421.57777777778,0.8763
"348","TIAM_17538_A",2018,"TIAM","Tilia","americana","Tilia americana","American basswood","17538*A",123,124,124,NA,NA,NA,246,246,260,276,105.9,"09-15-1906",152,153,291.277777777778,310.475,2667.93333333333,2357.45833333333,2376.65555555556,129.419444444444,143.616666666667,1757.98055555556,1614.36388888889,1628.56111111111,1524.65,1.5875
"350","TIAM_17538_A",2021,"TIAM","Tilia","americana","Tilia americana","American basswood","17538*A",113,117,117,131,NA,NA,183,NA,NA,285,105.9,"09-15-1906",168,172,231.972222222222,258.472222222222,2686.55555555555,2428.08333333333,2454.58333333333,104.972222222222,118.5,1742.61111111111,1624.11111111111,1637.63888888889,1413.22222222222,0.9652
"352","TIAM_17538_A",2022,"TIAM","Tilia","americana","Tilia americana","American basswood","17538*A",106,123,123,142,NA,NA,NA,NA,NA,NA,105.9,"09-15-1906",NA,NA,236.611111111111,316.333333333333,NA,NA,NA,99.0277777777778,130.777777777778,NA,NA,NA,1370.63888888889,1.2954
"354","TIAM_17538_A",2023,"TIAM","Tilia","americana","Tilia americana","American basswood","17538*A",94,112,112,143,NA,NA,193,NA,212,NA,105.9,"09-15-1906",NA,NA,164.638888888889,283.527777777778,NA,NA,NA,45.9722222222222,104.611111111111,NA,NA,NA,1445.25,1.8415
"356","TIAM_17538_A",2024,"TIAM","Tilia","americana","Tilia americana","American basswood","17538*A",109,119,119,141,NA,NA,NA,NA,NA,254,105.9,"09-15-1906",135,145,193.833333333333,249.444444444444,2329.5,2080.05555555555,2135.66666666667,68.5277777777777,97.3055555555555,1521.88888888889,1424.58333333333,1453.36111111111,1513.16666666667,3.302
"358","TIAM_19804_A",2016,"TIAM","Tilia","americana","Tilia americana","American basswood","19804*A",111,122,115,154,182,NA,262,262,290,252,80.5,"07-01-1916",137,141,255.144444444444,294.011111111111,2369.15833333333,2075.14722222222,2114.01388888889,105.511111111111,129.511111111111,1564.14722222222,1434.63611111111,1458.63611111111,1365.59166666667,1.2954
"360","TIAM_19804_A",2017,"TIAM","Tilia","americana","Tilia americana","American basswood","19804*A",107,119,113,143,NA,NA,193,234,NA,234,80.5,"07-01-1916",121,127,239.694444444445,261.322222222222,1969.96111111111,1708.63888888889,1730.26666666667,108.530555555556,116.202777777778,1258.09444444445,1141.89166666667,1149.56388888889,1430.38611111111,1.2065
"362","TIAM_19804_A",2018,"TIAM","Tilia","americana","Tilia americana","American basswood","19804*A",118,144,121,149,NA,NA,199,234,257,231,80.5,"07-01-1916",110,113,237.494444444444,253.175,2000.04166666667,1746.86666666667,1762.54722222222,93.475,101.316666666667,1311.81111111111,1210.49444444444,1218.33611111111,1566.95,2.4384
"364","TIAM_19804_A",2019,"TIAM","Tilia","americana","Tilia americana","American basswood","19804*A",109,112,114,161,185,NA,314,314,262,243,80.5,"07-01-1916",129,134,202.997222222222,248.941666666667,2104.28333333333,1855.34166666667,1901.28611111111,86.3694444444445,110.172222222222,1370.50555555556,1260.33333333333,1284.13611111111,1260.33333333333,2.3114
"366","TIAM_19804_A",2020,"TIAM","Tilia","americana","Tilia americana","American basswood","19804*A",120,126,169,147,NA,NA,220,220,203,250,80.5,"07-01-1916",81,130,241.694444444445,751.527777777778,2283.94444444444,1532.41666666667,2042.25,80.5000000000001,395.555555555556,1522.97222222222,1127.41666666667,1442.47222222222,1127.41666666667,1.7272
"368","TIAM_7141_A",2016,"TIAM","Tilia","americana","Tilia americana","American basswood","7141*A",111,122,115,154,179,NA,255,262,282,215,58.9,"12-15-1912",100,104,255.144444444444,294.011111111111,1685.38888888889,1391.37777777778,1430.24444444444,105.511111111111,129.511111111111,1065.37777777778,935.866666666667,959.866666666667,1365.59166666667,1.0922
"370","TIAM_7141_A",2017,"TIAM","Tilia","americana","Tilia americana","American basswood","7141*A",107,110,107,127,172,NA,186,234,234,301,58.9,"12-15-1912",194,194,239.694444444445,239.694444444445,2823.5,2583.80555555556,2583.80555555556,108.530555555556,108.530555555556,1804.88055555556,1696.35,1696.35,1438.05833333333,1.0033
"372","TIAM_7141_A",2019,"TIAM","Tilia","americana","Tilia americana","American basswood","7141*A",109,111,111,138,178,NA,190,227,262,243,58.9,"12-15-1912",132,134,202.997222222222,228.5,2104.28333333333,1875.78333333333,1901.28611111111,86.3694444444445,101.872222222222,1370.50555555556,1268.63333333333,1284.13611111111,1268.63333333333,1.6891
"374","TIAM_7141_A",2020,"TIAM","Tilia","americana","Tilia americana","American basswood","7141*A",112,126,126,NA,NA,NA,253,253,213,250,58.9,"12-15-1912",124,138,222.944444444445,294.888888888889,2283.94444444444,1989.05555555555,2061,75.8055555555556,109.805555555556,1522.97222222222,1413.16666666667,1447.16666666667,1413.16666666667,2.0066
"376","TIAM_7141_A",2021,"TIAM","Tilia","americana","Tilia americana","American basswood","7141*A",114,114,114,NA,NA,NA,276,276,261,247,58.9,"12-15-1912",133,133,241.555555555556,241.555555555556,2199.80555555556,1958.25,1958.25,110.861111111111,110.861111111111,1440.41666666667,1329.55555555556,1329.55555555556,1420.86111111111,0.762
"378","TIAM_7141_A",2022,"TIAM","Tilia","americana","Tilia americana","American basswood","7141*A",107,117,117,145,172,NA,188,230,244,250,58.9,"12-15-1912",133,143,238.666666666667,286.083333333333,2372.69444444444,2086.61111111111,2134.02777777778,99.0277777777778,117.583333333333,1565.88888888889,1448.30555555556,1466.86111111111,1383.83333333333,1.4351
"380","TIAM_7141_A",2023,"TIAM","Tilia","americana","Tilia americana","American basswood","7141*A",104,108,108,118,NA,NA,194,235,235,256,58.9,"12-15-1912",148,152,242.75,267.722222222222,2351.72222222222,2084,2108.97222222222,91.6388888888889,99.8333333333333,1509.13888888889,1409.30555555555,1417.5,1450.02777777778,1.1811
